速写,1.0
画家,0.8665779796535398
素描,0.75
书法家,0.5000000000000001
摄影艺术,0.41666666666666674
南宋,0.41666666666666674
艺术,0.4131222487744969
馆藏,0.33333333333333337
艺术人生,0.33333333333333337
故宫博物院,0.33333333333333337
书画家,0.33333333333333337
传奇,0.3255124401672327
水墨,0.31959934692702796
水彩,0.3009775600867872
水仙,0.2500000000000001
美术家,0.2500000000000001
绢本,0.2500000000000001
李玉声,0.2500000000000001
选段,0.2500000000000001
新江,0.2500000000000001
猪圈,0.2500000000000001
设色,0.2500000000000001
协会会员,0.2500000000000001
画稿,0.2500000000000001
艺术家,0.24985218831145517
插画,0.2369257445167671
诗人,0.2369257445167671
画画,0.23330377099562438
街区,0.23330377099562438
台北,0.23330377099562438
作品,0.23264124809127054
山水,0.2300587513136143
绘画,0.22517095087967895
结缘,0.16666666666666669
雷诺阿,0.16666666666666669
保真,0.16666666666666669
草寇,0.16666666666666669
丁步广,0.16666666666666669
川北,0.16666666666666669
工笔,0.16666666666666669
卢氏,0.16666666666666669
篆刻,0.16666666666666669
白描,0.16666666666666669
赵孟坚,0.16666666666666669
保按,0.16666666666666669
师友,0.16666666666666669
荷香,0.16666666666666669
行书,0.16666666666666669
笔法,0.16666666666666669
梅花,0.16666666666666669
董永峡,0.16666666666666669
名家,0.16666666666666669
册页,0.16666666666666669
黄梅戏,0.16666666666666669
印象派,0.16666666666666669
房树军,0.16666666666666669
台州,0.16666666666666669
画室,0.16666666666666669
张德静,0.16666666666666669
书画界,0.16666666666666669
水彩画家,0.16666666666666669
垂询,0.16666666666666669
青铜器,0.16666666666666669
斑竹,0.16666666666666669
油画,0.16666666666666669
画院,0.16666666666666669
人物,0.15110599737392447
作揖,0.15029282295270444
山东,0.1094818442997993
星座,0.10882211337672691
书画,0.10882211337672691
梵高,0.10882211337672691
京剧,0.10882211337672691
奥地利,0.10882211337672691
错觉,0.10882211337672691
康熙,0.10882211337672691
储叶,0.08333333333333336
无知,0.08333333333333336
铭文,0.08333333333333336
里希特,0.08333333333333336
描绘,0.08333333333333336
古内裏,0.08333333333333336
孩童,0.08333333333333336
晓日,0.08333333333333336
笔名,0.08333333333333336
作品欣赏,0.08333333333333336
花卉,0.08333333333333336
神情,0.08333333333333336
居士,0.08333333333333336
山野,0.08333333333333336
静物,0.08333333333333336
独舞,0.08333333333333336
演进,0.08333333333333336
阶梯,0.08333333333333336
古典主义,0.08333333333333336
艺术学院,0.08333333333333336
梨园,0.08333333333333336
山人,0.08333333333333336
武城,0.08333333333333336
画作,0.08333333333333336
卢葆桐,0.08333333333333336
江忽觉,0.08333333333333336
花王,0.08333333333333336
屏風,0.08333333333333336
风声,0.08333333333333336
卓立,0.08333333333333336
荷花,0.08333333333333336
侍郎,0.08333333333333336
唐代,0.08333333333333336
红石,0.08333333333333336
建文,0.08333333333333336
浮世绘,0.08333333333333336
山翁,0.08333333333333336
理事,0.08333333333333336
之士,0.08333333333333336
墓志,0.08333333333333336
名家作品,0.08333333333333336
贡布里希,0.08333333333333336
伯劳,0.08333333333333336
竞价,0.08333333333333336
肥猪,0.08333333333333336
唐風,0.08333333333333336
花鸟,0.08333333333333336
济南市,0.08333333333333336
南村,0.08333333333333336
柳花,0.08333333333333336
横幅,0.08333333333333336
柯略,0.08333333333333336
石梦松,0.08333333333333336
中国书法家协会,0.08333333333333336
钤印,0.08333333333333336
阿恩,0.08333333333333336
惊叹,0.08333333333333336
里安,0.08333333333333336
徐鹤,0.08333333333333336
玄黄,0.08333333333333336
洪塘,0.08333333333333336
马连良,0.08333333333333336
推荐分,0.08333333333333336
硬笔,0.08333333333333336
访谈录,0.08333333333333336
学会会员,0.08333333333333336
湖北省京剧院,0.08333333333333336
花果,0.08333333333333336
寒暄,0.08333333333333336
诗书,0.08333333333333336
玉石,0.08333333333333336
释文,0.08333333333333336
王金新,0.08333333333333336
闲人,0.08333333333333336
西风,0.08333333333333336
中华诗词,0.08333333333333336
红旗,0.08333333333333336
三保,0.08333333333333336
逼真,0.08333333333333336
美术师,0.08333333333333336
上游,0.08333333333333336
青綠,0.08333333333333336
方海珍,0.08333333333333336
口径,0.08333333333333336
谷地,0.08333333333333336
蝙蝠,0.08333333333333336
出版社,0.08333333333333336
玉雕,0.08333333333333336
刘斌,0.08333333333333336
表演艺术家,0.08333333333333336
生死簿,0.08333333333333336
四平,0.08333333333333336
刘旭,0.08333333333333336
鹤湖,0.08333333333333336
旅行箱,0.08333333333333336
昨夜,0.08333333333333336
谢军,0.08333333333333336
国画,0.08333333333333336
山东省,0.08333333333333336
方瓶,0.08333333333333336
妙音,0.08333333333333336
走麦城,0.08333333333333336
鲍威,0.08333333333333336
江晴,0.08333333333333336
蒙德,0.08333333333333336
四方,0.0749852188311455
美术,0.0749852188311455
笔下,0.0749852188311455
姓名,0.0749852188311455
之音,0.0749852188311455
友情,0.06268301434544024
舞蹈,0.06268301434544024
工具,0.050977560086787076
手绘,0.050977560086787076
北方,0.050977560086787076
德国,0.050631998499385426
擅长,0.050631998499385426
哆啦,0.04994087532458203
大师,0.04970859568755249
平安,0.044770297806706834
中期,0.044770297806706834
南通,0.044770297806706834
晋升,0.044770297806706834
屁屁,0.044770297806706834
宁波,0.044770297806706834
革命,0.044770297806706834
心地,0.044770297806706834
头饰,0.044770297806706834
大卫,0.044770297806706834
艺术大师,0.044770297806706834
访问,0.044770297806706834
票价,0.044770297806706834
秘书长,0.044770297806706834
最低,0.044770297806706834
画法,0.044770297806706834
時代,0.044770297806706834
清风,0.044770297806706834
后人,0.044770297806706834
暑热,0.044770297806706834
写实,0.044770297806706834
群星,0.044770297806706834
海姆,0.044770297806706834
大树,0.044770297806706834
丹霞,0.044770297806706834
假想,0.044770297806706834
进修,0.044770297806706834
中國,0.044770297806706834
视界,0.044770297806706834
牡丹,0.044770297806706834
碎片,0.044770297806706834
花雨,0.044770297806706834
投稿,0.03347974480968553
协会,0.03347974480968553
芒果,0.03347974480968553
之路,0.03347974480968553
天地,0.03347974480968553
教学,0.03235577324654624
早期,0.03235577324654624
和谐,0.03235577324654624
西班牙,0.03235577324654624
遭遇,0.03235577324654624
舞台,0.03235577324654624
黑白,0.03235577324654624
欲望,0.03235577324654624
荷兰,0.022212368109652568
无能,0.022212368109652568
大作,0.022212368109652568
作家,0.022212368109652568
乡村,0.022212368109652568
突出,0.022212368109652568
雕琢,0.022212368109652568
祝贺,0.022212368109652568
花朵,0.022212368109652568
死去,0.022212368109652568
警方,0.022212368109652568
元起,0.022212368109652568
和风,0.022212368109652568
平凡,0.022212368109652568
之情,0.022212368109652568
会员,0.022212368109652568
画册,0.022212368109652568
苦恼,0.022212368109652568
善良,0.018621786840240833
活着,0.018621786840240833
集锦,0.017140665541205725
动态,0.017140665541205725
公众,0.017140665541205725
风格,0.01644811343233102
精彩,0.0161353730307316
学者,0.006207262280080273
许会,0.006207262280080273
跳舞,0.006207262280080273
新作,0.006207262280080273
经济,0.006207262280080273
特点,0.006207262280080273
相宜,0.006207262280080273
剪辑,0.006207262280080273
古代,0.006207262280080273
滑板,0.006207262280080273
生于,0.006207262280080273
线条,0.006207262280080273
手工,0.006207262280080273
清凉,0.005516139105276911
色彩,0.004276475273930791
知识,0.004276475273930791
课堂,0.004276475273930791
京韵,0.0
口缘,0.0
列维坦,0.0
泉石,0.0
凤仪,0.0
杨浦区,0.0
拓本,0.0
犹存,0.0
粮草,0.0
董其昌,0.0
不测,0.0
配饰,0.0
裱画,0.0
淡忘,0.0
解红建,0.0
翠岭,0.0
红衣,0.0
自古以来,0.0
继成,0.0
徐九经,0.0
繪本,0.0
绿水,0.0
梅枝,0.0
挂帅,0.0
过门,0.0
春梦,0.0
互联时代,0.0
虎尾,0.0
燕王,0.0
眾多,0.0
异体,0.0
语丝,0.0
花篮,0.0
横出,0.0
瞳孔,0.0
书体,0.0
起落,0.0
质朴,0.0
打折,0.0
洞穴,0.0
单腿前,0.0
文革,0.0
多亏,0.0
列宾,0.0
弦乐,0.0
陶淵明,0.0
晴空,0.0
俏丽,0.0
贝努瓦,0.0
大墙,0.0
精品展示,0.0
消夏,0.0
古玉,0.0
有言,0.0
公鼎,0.0
強大,0.0
丘壑,0.0
飞过,0.0
许钦松,0.0
山色,0.0
安靜,0.0
清代,0.0
王羲之,0.0
工细,0.0
当代艺术,0.0
房屋,0.0
吴湖帆,0.0
上流,0.0
外化,0.0
陈三,0.0
宜宾县,0.0
语文课,0.0
预览,0.0
哲学,0.0
画论,0.0
方硬细,0.0
要钱,0.0
顶板,0.0
部将,0.0
绞丝,0.0
老屋,0.0
尿壶,0.0
黄袍,0.0
地表,0.0
顾望,0.0
万里,0.0
少妇,0.0
几何体,0.0
鸣谢,0.0
环绕,0.0
桃花扇,0.0
清人,0.0
思绪,0.0
白居易,0.0
刷子,0.0
附庸,0.0
张际才,0.0
歷代,0.0
方为,0.0
边景昭,0.0
明初陈,0.0
北京故宫博物院,0.0
日本国,0.0
睿智,0.0
曾言,0.0
层面,0.0
庐山,0.0
闲居,0.0
广告画,0.0
兵部,0.0
河间,0.0
落伍,0.0
海门,0.0
香阁,0.0
立轴,0.0
佛心,0.0
铅笔,0.0
鲁本斯,0.0
盛开,0.0
崔学坤,0.0
古風,0.0
刺伤,0.0
老鹰,0.0
宋室,0.0
萧艺,0.0
群芳,0.0
结集,0.0
瓷器,0.0
通神,0.0
国法,0.0
舞蹈学院,0.0
蒸腾,0.0
于一器,0.0
闺秀,0.0
龍門,0.0
写生,0.0
平方,0.0
京剧名家,0.0
身子,0.0
一场空,0.0
戴绿帽,0.0
天井,0.0
钻研,0.0
隶书,0.0
无意间,0.0
漫游,0.0
春秋,0.0
楼板,0.0
古玉而,0.0
映射,0.0
浓艳,0.0
大浪,0.0
平分秋色,0.0
尚存,0.0
枝干,0.0
标语,0.0
作践,0.0
开来,0.0
不雅,0.0
挂件,0.0
苏联,0.0
建筑群,0.0
路途,0.0
古琴,0.0
张文甫,0.0
龙美,0.0
江水,0.0
古贤,0.0
画布,0.0
替换,0.0
诗句,0.0
這般,0.0
拱圈,0.0
壯士,0.0
任翔,0.0
美目,0.0
杨万,0.0
不饶,0.0
為數,0.0
熊头舞,0.0
谦卑,0.0
鲁盖尔,0.0
天鹅,0.0
明代,0.0
但书,0.0
死灰,0.0
方锥,0.0
周臣,0.0
豪迈,0.0
遗照,0.0
梅见月,0.0
铁锈,0.0
收徒,0.0
博物馆,0.0
死后,0.0
文牍,0.0
云钟,0.0
击中,0.0
真成,0.0
筆法,0.0
杂物,0.0
精绝,0.0
花逸,0.0
古斯塔夫,0.0
監視器,0.0
基本形,0.0
球体,0.0
楚门镇,0.0
蓝绿色,0.0
形制,0.0
孤獨,0.0
讲习,0.0
古兽钮,0.0
竖琴,0.0
北宋,0.0
西单,0.0
顾生画,0.0
唐人,0.0
人与自然,0.0
清雅,0.0
知府,0.0
洪武,0.0
兵燹,0.0
三彩,0.0
夏圭,0.0
用笔,0.0
鸟儿,0.0
主事,0.0
教堂,0.0
胖虎,0.0
秦庭,0.0
心魂,0.0
石頭,0.0
米芾蜀,0.0
四家,0.0
挺胸,0.0
中央美术学院,0.0
公信力,0.0
一见,0.0
沈尹默,0.0
崇山,0.0
吉诃德,0.0
中时,0.0
海兰,0.0
水火,0.0
首创,0.0
破产,0.0
青砖,0.0
墨色,0.0
朱文,0.0
安装,0.0
戴毅强,0.0
英策,0.0
宝彝,0.0
埃贡,0.0
黄庭坚,0.0
润格,0.0
颜值太,0.0
文选,0.0
战马,0.0
緣分,0.0
吴江,0.0
左炜,0.0
徐立孙,0.0
历任,0.0
孙雪莲,0.0
遐想,0.0
独山,0.0
青花,0.0
比人,0.0
博伊斯,0.0
中国旅游,0.0
康有为,0.0
罗汉,0.0
不仅如此,0.0
李唐,0.0
明四家,0.0
席勒,0.0
磨练,0.0
汇报,0.0
太盛,0.0
裸女,0.0
吞吐,0.0
颜也,0.0
张建国,0.0
典雅,0.0
冥寿,0.0
理哉,0.0
双人舞,0.0
宝岛,0.0
杀死,0.0
嫌疑,0.0
朝市,0.0
激昂,0.0
魔术,0.0
成扇,0.0
素绢,0.0
战友文工团,0.0
繁复,0.0
新设,0.0
张辉也,0.0
大包,0.0
吴迈,0.0
品格,0.0
画展,0.0
怀远,0.0
合法,0.0
货源,0.0
清劲,0.0
婉秀,0.0
盘口,0.0
家乡戏,0.0
李胜素,0.0
画意,0.0
抱持,0.0
压倒,0.0
屋基,0.0
專欄,0.0
书场,0.0
古井,0.0
鲁道夫,0.0
觉露,0.0
慈禧,0.0
命中注定,0.0
夫斯基,0.0
指挥家,0.0
一大早,0.0
景物,0.0
锈蚀,0.0
山房,0.0
于此,0.0
阴郁,0.0
南迁,0.0
小島,0.0
槁木,0.0
流传,0.0
参政,0.0
梅香,0.0
工匠,0.0
辛宝达,0.0
茶香,0.0
空洞,0.0
花鸟画,0.0
练笔,0.0
英藏,0.0
知名品牌,0.0
中国美术馆,0.0
丰子恺,0.0
写经,0.0
博克,0.0
国画家,0.0
斜倚,0.0
盖器同,0.0
荡漾,0.0
表述,0.0
槐荫,0.0
结体,0.0
成一切,0.0
取法,0.0
山石,0.0
龙江,0.0
高霞,0.0
颜料,0.0
書法,0.0
跑马地,0.0
云和,0.0
引颈,0.0
邀功,0.0
自画像,0.0
萬鈞,0.0
皇室,0.0
宋人,0.0
满田,0.0
伏承手,0.0
陕西省,0.0
肌理,0.0
近况,0.0
被告,0.0
炽烈,0.0
唱腔,0.0
中国美术家协会,0.0
趴伏,0.0
传神,0.0
著名画家,0.0
孙识,0.0
雷亚,0.0
危房,0.0
秋草,0.0
题跋,0.0
胡浡,0.0
梁皓,0.0
包间,0.0
輓歌,0.0
美术馆,0.0
双龙,0.0
孙禹行,0.0
钱塘,0.0
陈植以,0.0
预设,0.0
工笔画,0.0
信札,0.0
民窑,0.0
博物,0.0
画成,0.0
黄眉鹀,0.0
雨季,0.0
平面,0.0
孙制,0.0
霍格,0.0
身分,0.0
莫放,0.0
于诲审,0.0
王贤书,0.0
失当,0.0
清诗,0.0
披衣,0.0
多拉,0.0
俗尚,0.0
寥落,0.0
审美观,0.0
如风,0.0
白梅,0.0
河北梆子,0.0
家孙,0.0
在读,0.0
山峦,0.0
于旁,0.0
现实主义,0.0
树木,0.0
营销,0.0
边文进,0.0
梅扇,0.0
大风,0.0
臻于,0.0
瑞香,0.0
山茶,0.0
羽毛,0.0
柳枝,0.0
工整,0.0
宣泄,0.0
大登,0.0
書畫,0.0
亮丽,0.0
唐寅,0.0
钱松,0.0
重彩,0.0
格哈德,0.0
深愛,0.0
前爪,0.0
完毕,0.0
兰亭序,0.0
综合篇,0.0
人失蹤,0.0
窦唯,0.0
吴迈篆,0.0
壁画,0.0
纸屑,0.0
中意,0.0
文本,0.0
朱棣,0.0
江维兄,0.0
迷宫,0.0
精到,0.0
侧视,0.0
坚贞,0.0
黄筌,0.0
建築,0.0
彤彤,0.0
侵权,0.0
锤炼,0.0
妙绝,0.0
鬱鬱,0.0
楷书,0.0
端樸,0.0
正方体,0.0
排舞,0.0
劝阻,0.0
真想,0.0
古玉居,0.0
致死,0.0
故宫,0.0
聚众,0.0
渔舟,0.0
失聯,0.0
李嵩,0.0
遠行,0.0
腹围,0.0
快板,0.0
冷枚,0.0
相册,0.0
方印,0.0
闲章,0.0
調查,0.0
年制,0.0
吊坠,0.0
巴洛克艺术,0.0
凝炼,0.0
胸针,0.0
导出,0.0
游弋,0.0
钢笔,0.0
贡献奖,0.0
低俗,0.0
司马显姿,0.0
贺寿慈,0.0
笔墨,0.0
汉堡市,0.0
余造琴,0.0
曲艺,0.0
游骑,0.0
出頭,0.0
朱世慧,0.0
宋朝,0.0
费哥,0.0
唐诗,0.0
江寒汀,0.0
环水,0.0
理论家,0.0
鲜丽,0.0
人情味,0.0
做头,0.0
沪剧,0.0
文人,0.0
克里姆,0.0
南宫,0.0
膨胀,0.0
同出,0.0
古薄今,0.0
風格,0.0
致谢,0.0
人世,0.0
祖居,0.0
形态,0.0
花季,0.0
蹒跚,0.0
冥诞,0.0
画派,0.0
南斯拉夫,0.0
字数,0.0
通報,0.0
余一栋,0.0
望月,0.0
刘风,0.0
左拉曾,0.0
纸牌,0.0
无题,0.0
祁寯藻,0.0
谷家,0.0
葬身,0.0
泛舟,0.0
上地,0.0
堂皇,0.0
娟秀,0.0
刻画,0.0
墓志铭,0.0
魔法师,0.0
李鸿章,0.0
魏征从,0.0
色情,0.0
王福庵,0.0
宗室,0.0
字体,0.0
雷霆,0.0
约瑟夫,0.0
拉芳,0.0
国君,0.0
地动,0.0
张贼森,0.0
号线街道,0.0
王个簃,0.0
天圆,0.0
勃朗,0.0
沃茨,0.0
反动,0.0
披风,0.0
希腊,0.0
李炳淑,0.0
史铁生,0.0
陈溪峋,0.0
马格,0.0
退路,0.0
悠闲,0.0
绿萼梅,0.0
认命,0.0
常常画,0.0
