漫,1.0
海贼王,0.699948050313839
画师,0.6889485064076544
动漫,0.6070445676327973
以示,0.5769666610153575
银魂,0.5769666610153575
火影忍者,0.4129914752840489
动画,0.4078580688782857
次元,0.3584854810203905
舞台剧,0.34016441528572655
手办,0.33100388241839457
刀剣乱,0.29001008598556743
真人版,0.29001008598556743
特典,0.29001008598556743
预售,0.2771469651585972
犬夜叉,0.24901628955274027
舰队,0.24901628955274027
映像,0.24901628955274027
刀剑,0.24563824009503246
地狱,0.24563824009503246
预定,0.24213883917548742
漫画家,0.21412951503146785
魔女,0.20802249311991305
起稿,0.20802249311991305
哆啦,0.19152317726063614
少女,0.1829424116131199
魔法,0.1826207899679031
原作,0.1826207899679031
发售,0.17623786866900804
同人,0.16974222649000853
监督,0.16974222649000853
火影,0.16702869668708595
鈴木,0.16702869668708595
小野,0.16702869668708595
摄影,0.1517611419081993
公式,0.15111206490433837
齐木楠,0.15111206490433837
灾难,0.15111206490433837
萤火虫,0.15111206490433837
正片,0.15111206490433837
星星,0.14328738341576838
太太,0.13824894407736812
英雄,0.1375998670735072
服装,0.13279099916967438
黑白,0.13279099916967438
四格,0.1260349002542588
授权,0.1260349002542588
红娘,0.1260349002542588
技法,0.1260349002542588
柯拉,0.1260349002542588
尼禄,0.1260349002542588
夹子,0.1260349002542588
記念,0.1260349002542588
公开,0.12008389554381609
角色,0.12008389554381609
爱丽丝,0.11960333984077369
战士,0.11960333984077369
编辑,0.1178215984982439
日上,0.11622529038306588
雄的,0.0942016366887636
上映,0.09386165553590886
真人,0.09386165553590886
搬运,0.09186128450236163
佐藤,0.08809461477720901
无尽,0.08809461477720901
桥本,0.08809461477720901
资格证,0.08809461477720901
特別,0.08809461477720901
山崎,0.08809461477720901
博客,0.08809461477720901
粤语,0.08809461477720901
贤人,0.08809461477720901
限于,0.08504110382143162
浴衣,0.08504110382143162
太郎,0.08504110382143162
梅原裕,0.08504110382143162
上色,0.08504110382143162
绿谷,0.08504110382143162
电影版,0.08504110382143162
番外,0.08504110382143162
燕凌姣,0.08504110382143162
尼斯,0.08504110382143162
构成,0.08504110382143162
金木,0.08504110382143162
审核,0.08504110382143162
荒木,0.08504110382143162
柯南,0.08504110382143162
神谷,0.08504110382143162
福山,0.08504110382143162
索隆,0.08504110382143162
夏目,0.08504110382143162
深渊,0.08504110382143162
小智,0.08504110382143162
斯特,0.08504110382143162
小蓝,0.08504110382143162
高桥李,0.08504110382143162
杏树,0.08504110382143162
一郎,0.08504110382143162
久保,0.08504110382143162
童子,0.08504110382143162
伊波,0.08504110382143162
作画,0.08504110382143162
申请,0.07217798299446139
禁止,0.07217798299446139
东京,0.07217798299446139
暖暖,0.06590097050647935
连载,0.06590097050647935
许是,0.06590097050647935
阴阳,0.06590097050647935
学院,0.06262055699077394
江湖,0.06091117028266917
贴吧,0.05691042821557474
售价,0.05691042821557474
预告,0.05691042821557474
杰森,0.05658588971364427
水印,0.05658588971364427
塔罗,0.05658588971364427
山田,0.05658588971364427
吧唧,0.05658588971364427
骰子,0.05658588971364427
调教,0.05658588971364427
道具,0.05658588971364427
高约,0.05658588971364427
全彩,0.05658588971364427
基德,0.05658588971364427
的卡,0.05658588971364427
伊藤,0.05658588971364427
生肉,0.05658588971364427
完结,0.05658588971364427
三日,0.05658588971364427
动漫游戏,0.05658588971364427
画集,0.05658588971364427
日版,0.05658588971364427
松本,0.05658588971364427
利利,0.05658588971364427
手链,0.05658588971364427
游戏,0.05293194086859608
第七,0.050154329300159145
配音,0.050154329300159145
手绘,0.050154329300159145
可可,0.050154329300159145
怀旧,0.050154329300159145
人物,0.044435927656049354
宗近,0.04404730738860449
挂饰,0.04404730738860449
小仓,0.04404730738860449
西城,0.04404730738860449
下篇,0.04404730738860449
明哥,0.04404730738860449
超新星,0.04404730738860449
尼基,0.04404730738860449
蒼井,0.04404730738860449
东宝,0.04404730738860449
妮娜,0.04404730738860449
西山,0.04404730738860449
萨拉,0.04404730738860449
新海,0.04404730738860449
寺島,0.04404730738860449
利威尔,0.04404730738860449
冲田,0.04404730738860449
红场,0.04404730738860449
汤山,0.04404730738860449
藤冈,0.04404730738860449
境外,0.04404730738860449
言和,0.04404730738860449
参赛,0.04404730738860449
内山,0.04404730738860449
協和,0.04404730738860449
胡桃,0.04404730738860449
水量,0.04404730738860449
水手,0.04404730738860449
源氏,0.04404730738860449
徒然,0.04404730738860449
東京,0.04404730738860449
二手,0.04404730738860449
板块,0.04404730738860449
董香,0.04404730738860449
过道,0.04404730738860449
崩坏,0.04404730738860449
脚本,0.04404730738860449
下期,0.04404730738860449
版块,0.04404730738860449
响彻,0.04404730738860449
冈田,0.04404730738860449
小栗旬,0.04404730738860449
汉化,0.04404730738860449
展览馆,0.04404730738860449
电子音乐,0.04404730738860449
木棉,0.04404730738860449
清霜,0.04404730738860449
涂法,0.04404730738860449
格利,0.04404730738860449
后勤,0.04404730738860449
茨木,0.04404730738860449
天路,0.04404730738860449
女娃,0.04404730738860449
每天更新,0.04404730738860449
恋歌,0.04404730738860449
对不住,0.04404730738860449
等身,0.04404730738860449
主題歌,0.04404730738860449
分类,0.04404730738860449
路飞,0.04404730738860449
保利,0.04404730738860449
顶牛,0.04404730738860449
米林,0.04404730738860449
创想,0.04404730738860449
美少女,0.04404730738860449
湛江,0.04404730738860449
协力,0.04404730738860449
陆奥守吉行,0.04404730738860449
江川,0.04404730738860449
前三,0.04404730738860449
宗三左,0.04404730738860449
鹤丸,0.04404730738860449
兰州站,0.04404730738860449
美子,0.04404730738860449
亚克力,0.04404730738860449
吉沢亮,0.04404730738860449
马尔兹,0.04404730738860449
鹿岛,0.04404730738860449
同好,0.04404730738860449
大前提,0.04404730738860449
岩井,0.04404730738860449
家庭教师,0.04404730738860449
菲尼,0.04404730738860449
陶德,0.04404730738860449
拟人,0.04404730738860449
花子,0.04404730738860449
龙神,0.04404730738860449
定于,0.04404730738860449
小夜,0.04404730738860449
痴迷,0.04404730738860449
龙腾,0.04404730738860449
银桑,0.04404730738860449
名气,0.04404730738860449
玛修,0.04404730738860449
宏昌,0.04404730738860449
凹凸,0.04404730738860449
神坛,0.04404730738860449
压低,0.04404730738860449
幸子,0.04404730738860449
单行本,0.04404730738860449
宫崎骏,0.04404730738860449
嘉年华,0.03994065651059704
首页,0.03994065651059704
圆满,0.03994065651059704
皮卡丘,0.03994065651059704
认证,0.03994065651059704
花生,0.03994065651059704
侦探,0.03994065651059704
道长,0.03994065651059704
黎明,0.03994065651059704
变形金刚,0.03994065651059704
吐槽,0.03854753543551216
护法,0.037940285477049834
广州,0.037940285477049834
化妆,0.037940285477049834
传送,0.037940285477049834
小天,0.037940285477049834
舞台,0.037940285477049834
生日,0.03568728021967341
投稿,0.033888887714252865
周边,0.033888887714252865
公主,0.033888887714252865
限定,0.028130675605856883
觉醒,0.028130675605856883
眼镜,0.028130675605856883
签名,0.028130675605856883
童年,0.028130675605856883
淘宝,0.028130675605856883
影院,0.028130675605856883
迪士尼,0.028130675605856883
预告片,0.028130675605856883
论坛,0.028130675605856883
不良,0.027960685029429517
封面,0.027960685029429517
四季,0.027960685029429517
比赛,0.027960685029429517
确认,0.027960685029429517
官方,0.02750643958670417
双胞胎,0.025077164650079586
疾风,0.025077164650079586
炼金术,0.025077164650079586
双语,0.025077164650079586
上台,0.025077164650079586
数码,0.025077164650079586
背带,0.025077164650079586
古风,0.025077164650079586
制服,0.025077164650079586
周三,0.025077164650079586
专题,0.025077164650079586
日语,0.025077164650079586
之宝,0.025077164650079586
沙子,0.025077164650079586
斗鱼,0.025077164650079586
妄想,0.025077164650079586
怪兽,0.025077164650079586
普通人,0.025077164650079586
心路,0.025077164650079586
官博君,0.025077164650079586
见面会,0.025077164650079586
走下,0.025077164650079586
后背,0.025077164650079586
三叶,0.025077164650079586
前面,0.025077164650079586
草稿,0.025077164650079586
到货,0.025077164650079586
乱放,0.025077164650079586
通路,0.025077164650079586
尺寸,0.025077164650079586
简称,0.025077164650079586
太少,0.025077164650079586
同居,0.025077164650079586
小鸟,0.025077164650079586
江口,0.025077164650079586
宝可梦,0.025077164650079586
本田,0.025077164650079586
龙猫,0.025077164650079586
现金,0.025077164650079586
邻居,0.025077164650079586
儿歌,0.025077164650079586
先导,0.025077164650079586
打包,0.025077164650079586
化妆师,0.025077164650079586
部门,0.025077164650079586
蝙蝠侠,0.025077164650079586
仓鼠,0.025077164650079586
番薯,0.025077164650079586
报价,0.025077164650079586
決定,0.025077164650079586
明信片,0.025077164650079586
面交,0.025077164650079586
中村,0.025077164650079586
评价,0.024752626148149097
投票,0.024752626148149097
憧憬,0.02062887375092715
翻译,0.019523053075992326
偶像,0.019523053075992326
原创,0.019523053075992326
登场,0.019523053075992326
画风,0.019523053075992326
内容,0.019325598953734917
破坏,0.018970142738524903
官博,0.018970142738524903
剧场,0.018970142738524903
猫咪,0.018970142738524903
设定,0.018970142738524903
看过,0.018970142738524903
剧情,0.018970142738524903
小朋友,0.018970142738524903
截止,0.018970142738524903
教程,0.016693872317637307
电视剧,0.016693872317637307
环球,0.013980342514714758
准时,0.013980342514714758
猴子,0.013980342514714758
白熊,0.013980342514714758
合体,0.013980342514714758
住在,0.013980342514714758
佳作,0.013980342514714758
卡司,0.013980342514714758
舞动,0.013980342514714758
盛典,0.013980342514714758
全员,0.013980342514714758
马戏团,0.013980342514714758
友人,0.013980342514714758
全体,0.013980342514714758
气息,0.013980342514714758
垃圾,0.013980342514714758
编剧,0.013980342514714758
人型,0.013980342514714758
光明,0.013980342514714758
元气,0.013980342514714758
转载,0.013980342514714758
亲子,0.013980342514714758
讲解,0.013980342514714758
飞去,0.013980342514714758
玩家,0.013980342514714758
天和,0.013980342514714758
情报,0.013980342514714758
電影,0.013980342514714758
开场,0.013980342514714758
工程师,0.013980342514714758
来不及,0.013980342514714758
影帝,0.013980342514714758
长度,0.013980342514714758
美术,0.013980342514714758
装扮,0.013980342514714758
本能,0.013980342514714758
武士,0.013980342514714758
剧集,0.013980342514714758
老板,0.012214043823109316
详细,0.012214043823109316
提前,0.012214043823109316
衣服,0.011485442402809673
主角,0.011485442402809673
认真,0.011485442402809673
价格,0.011485442402809673
真好,0.011485442402809673
小白,0.011485442402809673
尊重,0.011485442402809673
请问,0.011485442402809673
阵容,0.011485442402809673
最新,0.010990913324451821
小黄,0.010867347212930995
公布,0.009485071369262452
花花,0.006107021911554658
教室,0.006107021911554658
翡翠,0.006107021911554658
早点,0.006107021911554658
相当,0.006107021911554658
发微,0.006107021911554658
金刚,0.006107021911554658
先锋,0.006107021911554658
大神,0.006107021911554658
首映,0.006107021911554658
工厂,0.006107021911554658
企鹅,0.006107021911554658
笑死,0.006107021911554658
宝贝,0.006107021911554658
线条,0.006107021911554658
官网,0.006107021911554658
西部,0.006107021911554658
仙传,0.006107021911554658
殿下,0.006107021911554658
开放,0.006107021911554658
水墨,0.006107021911554658
执导,0.006107021911554658
星球,0.006107021911554658
人士,0.006107021911554658
天使,0.006107021911554658
杂志,0.006107021911554658
说话,0.0057670407586998835
故事,0.005362977840330698
天下,0.005157218437731782
大小,0.005157218437731782
友情,0.005157218437731782
最快,0.005157218437731782
授權,0.003053510955777329
交给,0.003053510955777329
巧妙,0.003053510955777329
现正,0.003053510955777329
阿部,0.003053510955777329
难看,0.003053510955777329
预祝,0.003053510955777329
季就,0.003053510955777329
演员表,0.003053510955777329
更深,0.003053510955777329
禾日,0.003053510955777329
喻黄,0.003053510955777329
黄图,0.003053510955777329
制作费,0.003053510955777329
狮子王,0.003053510955777329
两兄弟,0.003053510955777329
英社,0.003053510955777329
纪念物,0.003053510955777329
航行,0.003053510955777329
开好,0.003053510955777329
狂想曲,0.003053510955777329
回转,0.003053510955777329
沈夜,0.003053510955777329
易模易,0.003053510955777329
荻原,0.003053510955777329
嘀咕,0.003053510955777329
梅林,0.003053510955777329
小洛,0.003053510955777329
豚鼠,0.003053510955777329
光毅,0.003053510955777329
纯阳,0.003053510955777329
后排,0.003053510955777329
剧院,0.003053510955777329
原田,0.003053510955777329
延伸至,0.003053510955777329
电影预告,0.003053510955777329
沃斯,0.003053510955777329
业界,0.003053510955777329
神子,0.003053510955777329
森川,0.003053510955777329
子安,0.003053510955777329
英秋,0.003053510955777329
大輔,0.003053510955777329
法墨,0.003053510955777329
无惧,0.003053510955777329
周通,0.003053510955777329
节约,0.003053510955777329
美眉,0.003053510955777329
法尔加,0.003053510955777329
松浦,0.003053510955777329
参赛者,0.003053510955777329
罗西,0.003053510955777329
喻队队,0.003053510955777329
武蔵境,0.003053510955777329
克劳,0.003053510955777329
动漫社区,0.003053510955777329
折合,0.003053510955777329
徐伦妆,0.003053510955777329
巨婴,0.003053510955777329
爱子,0.003053510955777329
发放,0.003053510955777329
惊呼,0.003053510955777329
汉德,0.003053510955777329
贺顶红,0.003053510955777329
三连,0.003053510955777329
创作者,0.003053510955777329
在座,0.003053510955777329
剩余,0.003053510955777329
水晶杯,0.003053510955777329
等会,0.003053510955777329
展览会,0.003053510955777329
流水账,0.003053510955777329
上钩,0.003053510955777329
高桥,0.003053510955777329
题目,0.003053510955777329
拍肩,0.003053510955777329
路西法,0.003053510955777329
之木,0.003053510955777329
单页,0.003053510955777329
龙魂白,0.003053510955777329
陶叔,0.003053510955777329
店头,0.003053510955777329
震荡,0.003053510955777329
以往,0.003053510955777329
阿莉,0.003053510955777329
南迪,0.003053510955777329
银时,0.003053510955777329
台場,0.003053510955777329
吉野,0.003053510955777329
高我,0.003053510955777329
神无月,0.003053510955777329
配给品,0.003053510955777329
造势,0.003053510955777329
布都,0.003053510955777329
武田信,0.003053510955777329
玉藻,0.003053510955777329
互助,0.003053510955777329
照发,0.003053510955777329
祭灵,0.003053510955777329
到场,0.003053510955777329
艺术中心,0.003053510955777329
合道,0.003053510955777329
班底,0.003053510955777329
木村,0.003053510955777329
保证金,0.003053510955777329
参观,0.003053510955777329
段落,0.003053510955777329
展子,0.003053510955777329
月夜,0.003053510955777329
监察,0.003053510955777329
背景故事,0.003053510955777329
波特兰,0.003053510955777329
男孩子,0.003053510955777329
青衣,0.003053510955777329
多谢,0.003053510955777329
爆肝,0.003053510955777329
夏菜,0.003053510955777329
连脸都,0.003053510955777329
新干线,0.003053510955777329
山海,0.003053510955777329
托斯,0.003053510955777329
夺走,0.003053510955777329
灿灿,0.003053510955777329
祖宗,0.003053510955777329
马总,0.003053510955777329
苏拉,0.003053510955777329
下跳,0.003053510955777329
交流中心,0.003053510955777329
怪事,0.003053510955777329
司徒溟泠,0.003053510955777329
布料,0.003053510955777329
银魂食,0.003053510955777329
奥义,0.003053510955777329
服务商,0.003053510955777329
从人,0.003053510955777329
出境,0.003053510955777329
探路,0.003053510955777329
马赛克,0.003053510955777329
安一幸,0.003053510955777329
赛罗,0.003053510955777329
议价,0.003053510955777329
年秋,0.003053510955777329
其中包括,0.003053510955777329
端木蓉,0.003053510955777329
埃蒂,0.003053510955777329
常暗太,0.003053510955777329
主題曲,0.003053510955777329
陆奥守,0.003053510955777329
篠原,0.003053510955777329
银桑打,0.003053510955777329
快上,0.003053510955777329
隆太,0.003053510955777329
加点,0.003053510955777329
工作安排,0.003053510955777329
竹田,0.003053510955777329
艾伦斯,0.003053510955777329
项圈,0.003053510955777329
狂人,0.003053510955777329
笑嘻嘻,0.003053510955777329
练也,0.003053510955777329
本宫,0.003053510955777329
连或者,0.003053510955777329
血源,0.003053510955777329
坷垃,0.003053510955777329
迁移,0.003053510955777329
群像,0.003053510955777329
荣誉,0.003053510955777329
译作,0.003053510955777329
拷问,0.003053510955777329
广田,0.003053510955777329
桀骜,0.003053510955777329
样衣,0.003053510955777329
社团活动,0.003053510955777329
狂欢节,0.003053510955777329
香香,0.003053510955777329
好出,0.003053510955777329
阿里,0.003053510955777329
做大做强,0.003053510955777329
衣袖,0.003053510955777329
屠杀,0.003053510955777329
主人公,0.003053510955777329
黄濑老,0.003053510955777329
季度,0.003053510955777329
小队,0.003053510955777329
多指,0.003053510955777329
桃源,0.003053510955777329
动漫音乐,0.003053510955777329
劇場,0.003053510955777329
经典回顾,0.003053510955777329
淘宝网,0.003053510955777329
机动,0.003053510955777329
店家,0.003053510955777329
福袋,0.003053510955777329
交易平台,0.003053510955777329
奇谈,0.003053510955777329
拍得,0.003053510955777329
舞台化,0.003053510955777329
中空,0.003053510955777329
先记,0.003053510955777329
武论尊,0.003053510955777329
平胸就,0.003053510955777329
诃德,0.003053510955777329
埃罗,0.003053510955777329
华变,0.003053510955777329
暴毙,0.003053510955777329
新老,0.003053510955777329
扩散,0.003053510955777329
聲優,0.003053510955777329
刀當,0.003053510955777329
节操,0.003053510955777329
泽雅,0.003053510955777329
白井悠,0.003053510955777329
秀德,0.003053510955777329
支流,0.003053510955777329
一棵树,0.003053510955777329
大丈夫,0.003053510955777329
火舞,0.003053510955777329
冷门,0.003053510955777329
狄乌斯,0.003053510955777329
不久,0.003053510955777329
围巾,0.003053510955777329
陆离,0.003053510955777329
礼仪小姐,0.003053510955777329
合金,0.003053510955777329
艾特一,0.003053510955777329
全职猎人,0.003053510955777329
玛格丽特,0.003053510955777329
姆特,0.003053510955777329
银桑旦,0.003053510955777329
下线,0.003053510955777329
幽灵,0.003053510955777329
首刷,0.003053510955777329
海贼,0.003053510955777329
北京全国农业展览馆,0.003053510955777329
離境,0.003053510955777329
口袋妖怪,0.003053510955777329
委托人,0.003053510955777329
林勇,0.003053510955777329
乃乃,0.003053510955777329
勾线,0.003053510955777329
花姨,0.003053510955777329
花澤,0.003053510955777329
船名,0.003053510955777329
盖红,0.003053510955777329
高桥邦,0.003053510955777329
疲惫,0.003053510955777329
布拉泽,0.003053510955777329
吕彦,0.003053510955777329
神兵,0.003053510955777329
阴暗面,0.003053510955777329
小龍,0.003053510955777329
迪达拉,0.003053510955777329
巴特,0.003053510955777329
预感,0.003053510955777329
东条,0.003053510955777329
洋装,0.003053510955777329
三藏,0.003053510955777329
神枪,0.003053510955777329
神威,0.003053510955777329
鸡血,0.003053510955777329
夏子,0.003053510955777329
妖气,0.003053510955777329
银魂好,0.003053510955777329
知音,0.003053510955777329
冯斯,0.003053510955777329
露比,0.003053510955777329
驻守,0.003053510955777329
刊载,0.003053510955777329
艾尔要,0.003053510955777329
团体赛,0.003053510955777329
恒星,0.003053510955777329
知名度,0.003053510955777329
燕色入,0.003053510955777329
店頭,0.003053510955777329
狂笑,0.003053510955777329
空知英,0.003053510955777329
库洛,0.003053510955777329
格罗利,0.003053510955777329
离谱,0.003053510955777329
讲故事,0.003053510955777329
投手,0.003053510955777329
难点,0.003053510955777329
洛嘉琉,0.003053510955777329
决斗,0.003053510955777329
秘藏,0.003053510955777329
谬误,0.003053510955777329
服部,0.003053510955777329
楼里刷,0.003053510955777329
流派,0.003053510955777329
田村,0.003053510955777329
交纳,0.003053510955777329
发音,0.003053510955777329
关进,0.003053510955777329
暗杀,0.003053510955777329
戒指,0.003053510955777329
三代,0.003053510955777329
落户,0.003053510955777329
室友,0.003053510955777329
彩花,0.003053510955777329
小熊维尼,0.003053510955777329
紫阳,0.003053510955777329
渠道,0.003053510955777329
坂本,0.003053510955777329
活動,0.003053510955777329
高挥,0.003053510955777329
之星,0.003053510955777329
专业人才,0.003053510955777329
专卖,0.003053510955777329
喻总应,0.003053510955777329
三味,0.003053510955777329
小华,0.003053510955777329
绪方,0.003053510955777329
仓促,0.003053510955777329
管画,0.003053510955777329
褶皱,0.003053510955777329
献身,0.003053510955777329
唐吉,0.003053510955777329
史蒂芬,0.003053510955777329
二郎,0.003053510955777329
感想,0.003053510955777329
黄花,0.003053510955777329
心心念念,0.003053510955777329
时限,0.003053510955777329
古非今,0.003053510955777329
银高,0.003053510955777329
后缀,0.003053510955777329
葫芦娃,0.003053510955777329
票根,0.003053510955777329
森山,0.003053510955777329
高佬,0.003053510955777329
左下角,0.003053510955777329
主谋,0.003053510955777329
儒道,0.003053510955777329
泰坦,0.003053510955777329
方巾,0.003053510955777329
张图透,0.003053510955777329
玄奘,0.003053510955777329
馒头,0.003053510955777329
炸成,0.003053510955777329
动画作品,0.003053510955777329
新曲,0.003053510955777329
特拉,0.003053510955777329
劇場版,0.003053510955777329
应援物,0.003053510955777329
李李,0.003053510955777329
石丸谦,0.003053510955777329
頻繁,0.003053510955777329
田俊樹,0.003053510955777329
编绘,0.003053510955777329
非人,0.003053510955777329
水族馆,0.003053510955777329
钱啦,0.003053510955777329
雪花,0.003053510955777329
当家,0.003053510955777329
祖上,0.003053510955777329
斑比,0.003053510955777329
公開,0.003053510955777329
迷迷糊糊,0.003053510955777329
吉原达,0.003053510955777329
梁欢,0.003053510955777329
企業,0.003053510955777329
高橋,0.003053510955777329
莎莎,0.003053510955777329
魔物,0.003053510955777329
制衣,0.003053510955777329
睡睡,0.003053510955777329
詳細,0.003053510955777329
菜子,0.003053510955777329
隆也,0.003053510955777329
章山岸由,0.003053510955777329
临近,0.003053510955777329
月底,0.003053510955777329
丸九,0.003053510955777329
烛台,0.003053510955777329
小太阳,0.003053510955777329
速報,0.003053510955777329
无误,0.003053510955777329
日影,0.003053510955777329
白金,0.003053510955777329
如月,0.003053510955777329
路空 ,0.003053510955777329
神纪,0.003053510955777329
专业摄影,0.003053510955777329
双叶,0.003053510955777329
古宅,0.003053510955777329
甲贺,0.003053510955777329
孤儿,0.003053510955777329
繁體,0.003053510955777329
绘图,0.003053510955777329
夏希,0.003053510955777329
简三岁,0.003053510955777329
叶玄,0.003053510955777329
本职,0.003053510955777329
花泷,0.003053510955777329
战舰,0.003053510955777329
边想槽,0.003053510955777329
川流,0.003053510955777329
屁眼,0.003053510955777329
唐家,0.003053510955777329
姥爷,0.003053510955777329
刀男,0.003053510955777329
勇者,0.003053510955777329
吉村,0.003053510955777329
脱衣舞,0.003053510955777329
卡片,0.003053510955777329
婶婶,0.003053510955777329
休息日,0.003053510955777329
洽谈,0.003053510955777329
安琪,0.003053510955777329
泳裝,0.003053510955777329
雅虎,0.003053510955777329
正树,0.003053510955777329
神女,0.003053510955777329
高帅,0.003053510955777329
个别,0.003053510955777329
红心,0.003053510955777329
钦定,0.003053510955777329
嘴硬,0.003053510955777329
浮生,0.003053510955777329
中野,0.003053510955777329
杂食,0.003053510955777329
许博远,0.003053510955777329
赫斯特,0.003053510955777329
流通,0.003053510955777329
九连,0.003053510955777329
比赛报名,0.003053510955777329
哲夫,0.003053510955777329
吸血,0.003053510955777329
容容,0.003053510955777329
伊恩,0.003053510955777329
报纸,0.003053510955777329
布林,0.003053510955777329
爱海,0.003053510955777329
总长,0.003053510955777329
新潮,0.003053510955777329
家宴,0.003053510955777329
黄毛,0.003053510955777329
代号,0.003053510955777329
唐红,0.003053510955777329
花嫁,0.003053510955777329
恳请,0.003053510955777329
幽闭,0.003053510955777329
为数不多,0.003053510955777329
复刊,0.003053510955777329
日本动漫,0.003053510955777329
小景,0.003053510955777329
余本,0.003053510955777329
柔情,0.003053510955777329
唐柯罗,0.003053510955777329
视线,0.003053510955777329
定春,0.003053510955777329
刘季陵,0.003053510955777329
三桥,0.003053510955777329
格罗,0.003053510955777329
颜艺,0.003053510955777329
松雪泰子,0.003053510955777329
期間,0.003053510955777329
印度人,0.003053510955777329
凌然,0.003053510955777329
喻文州,0.003053510955777329
马上画,0.003053510955777329
小茂,0.003053510955777329
情報,0.003053510955777329
唐彦,0.003053510955777329
畫師,0.003053510955777329
霓虹,0.003053510955777329
海岸,0.003053510955777329
阿雪,0.003053510955777329
之灵,0.003053510955777329
周迦,0.003053510955777329
求求,0.003053510955777329
祐子,0.003053510955777329
武装,0.003053510955777329
莱特,0.003053510955777329
豪華,0.003053510955777329
请帖,0.003053510955777329
成多,0.003053510955777329
常事,0.003053510955777329
乱来,0.003053510955777329
戴着红,0.003053510955777329
火神,0.003053510955777329
入场,0.003053510955777329
马上开,0.003053510955777329
一对一,0.003053510955777329
票务,0.003053510955777329
腐女,0.003053510955777329
干部,0.003053510955777329
熊爪,0.003053510955777329
强袭,0.003053510955777329
老天,0.003053510955777329
武田軍,0.003053510955777329
岳人,0.003053510955777329
四大天王,0.003053510955777329
全套,0.003053510955777329
手柄,0.003053510955777329
雁山,0.003053510955777329
工夫,0.003053510955777329
人組,0.003053510955777329
水水,0.003053510955777329
大桥,0.003053510955777329
谷子,0.003053510955777329
嘉賓,0.003053510955777329
简直神,0.003053510955777329
甜甜圈,0.003053510955777329
寿史以,0.003053510955777329
时钟,0.003053510955777329
单薄,0.003053510955777329
商量,0.003053510955777329
西克,0.003053510955777329
工坊,0.003053510955777329
歌之王,0.003053510955777329
书名,0.003053510955777329
席票,0.003053510955777329
画报社,0.003053510955777329
伏八,0.003053510955777329
欢心,0.003053510955777329
秦时,0.003053510955777329
为时,0.003053510955777329
冰鲜,0.003053510955777329
出价,0.003053510955777329
电学,0.003053510955777329
巴内,0.003053510955777329
月色,0.003053510955777329
报了名,0.003053510955777329
鼻祖,0.003053510955777329
汇率,0.003053510955777329
大泉,0.003053510955777329
良平,0.003053510955777329
菜菜,0.003053510955777329
调配,0.003053510955777329
蓝河,0.003053510955777329
東山,0.003053510955777329
片源,0.003053510955777329
价格低,0.003053510955777329
小巴,0.003053510955777329
片尾曲,0.003053510955777329
谢衣呢,0.003053510955777329
及人,0.003053510955777329
锦鲤,0.003053510955777329
白长,0.003053510955777329
國外,0.003053510955777329
野菜,0.003053510955777329
检定,0.003053510955777329
帮帮,0.003053510955777329
下野,0.003053510955777329
车专发,0.003053510955777329
中立,0.003053510955777329
奥普,0.003053510955777329
抽签,0.003053510955777329
不耐烦,0.003053510955777329
告诫,0.003053510955777329
初生,0.003053510955777329
馬尼拉,0.003053510955777329
工作量,0.003053510955777329
神物,0.003053510955777329
下压,0.003053510955777329
情愫,0.003053510955777329
诸星琪,0.003053510955777329
强但,0.003053510955777329
超想,0.003053510955777329
鞠躬,0.003053510955777329
诸子,0.003053510955777329
毕设,0.003053510955777329
第九十四,0.003053510955777329
日高,0.003053510955777329
方方面面,0.003053510955777329
广志,0.003053510955777329
临走,0.003053510955777329
萬事,0.003053510955777329
底座,0.003053510955777329
屠龙刀,0.003053510955777329
比分,0.003053510955777329
纸片,0.003053510955777329
光机,0.003053510955777329
灵域,0.003053510955777329
压榨,0.003053510955777329
云母,0.003053510955777329
将乐,0.003053510955777329
惊觉,0.003053510955777329
掃帚,0.003053510955777329
默苍,0.003053510955777329
拿鐵,0.003053510955777329
唱功,0.003053510955777329
乌索,0.003053510955777329
大关,0.003053510955777329
大典,0.003053510955777329
白野,0.003053510955777329
死者,0.003053510955777329
山海经,0.003053510955777329
小鹿,0.003053510955777329
高梨,0.003053510955777329
弄得,0.003053510955777329
時計,0.003053510955777329
报到,0.003053510955777329
丰聪耳,0.003053510955777329
张好,0.003053510955777329
博城,0.003053510955777329
强赛也,0.003053510955777329
卯卯,0.003053510955777329
铁城,0.003053510955777329
顾得上,0.003053510955777329
宴会厅,0.003053510955777329
西门,0.003053510955777329
吉普,0.003053510955777329
紅茶,0.003053510955777329
银桑就,0.003053510955777329
征集,0.003053510955777329
乌姆,0.003053510955777329
社長,0.003053510955777329
张基佬,0.003053510955777329
公举,0.003053510955777329
下叶,0.003053510955777329
创作型,0.003053510955777329
空虚,0.003053510955777329
文豪,0.003053510955777329
聊到,0.003053510955777329
科班出身,0.003053510955777329
武一,0.003053510955777329
弗朗,0.003053510955777329
乔鲁诺,0.003053510955777329
大面积,0.003053510955777329
医风,0.003053510955777329
基本功,0.003053510955777329
谁谁,0.003053510955777329
戴维斯,0.003053510955777329
五叶,0.003053510955777329
颜粉可,0.003053510955777329
过长,0.003053510955777329
诡异,0.003053510955777329
奸情,0.003053510955777329
三个一,0.003053510955777329
涂山,0.003053510955777329
冲刷,0.003053510955777329
未定,0.003053510955777329
黑泽,0.003053510955777329
张潇,0.003053510955777329
水母,0.003053510955777329
波浪,0.003053510955777329
宣图,0.003053510955777329
文世,0.003053510955777329
松本潤,0.003053510955777329
罗宾,0.003053510955777329
吉卜,0.003053510955777329
露茜,0.003053510955777329
史郎,0.003053510955777329
巴哈,0.003053510955777329
日文,0.003053510955777329
生辰,0.003053510955777329
文件夹,0.003053510955777329
王还,0.003053510955777329
百合,0.003053510955777329
贞德,0.003053510955777329
大手,0.003053510955777329
月山,0.003053510955777329
网民,0.003053510955777329
诸位,0.003053510955777329
第二十,0.003053510955777329
昌也,0.003053510955777329
钢管,0.003053510955777329
永井,0.003053510955777329
新时代,0.003053510955777329
增进,0.003053510955777329
撑开,0.003053510955777329
法莲,0.003053510955777329
吴子元,0.003053510955777329
下旬,0.003053510955777329
关美,0.003053510955777329
要诀,0.003053510955777329
过场,0.003053510955777329
富田,0.003053510955777329
排版,0.003053510955777329
颁发,0.003053510955777329
出图,0.003053510955777329
菲律賓,0.003053510955777329
酝酿,0.003053510955777329
示意,0.003053510955777329
喻队,0.003053510955777329
无月,0.003053510955777329
月海,0.003053510955777329
表现力,0.003053510955777329
加格,0.003053510955777329
早安,0.002963917687796416
作品,0.002963917687796416
小伙伴,0.0014263175387506483
年代,0.0
极端,0.0
好评,0.0
截图,0.0
绘画,0.0
军师,0.0
女友,0.0
算了,0.0
预约,0.0
