治疗,1.0
患者,0.7305476761681036
科普,0.6596873971201287
医生,0.6058178742729844
胃病,0.47339632566423756
牙齿矫正,0.4173233685918618
脂肪,0.39107789530620557
疾病,0.36799088036595307
费解,0.36461367104502196
手术,0.34920227802697695
微波炉,0.34776947382655143
诊室,0.34776947382655143
诊断,0.34776947382655143
医院,0.34270006765892924
待机,0.3315885382817128
病人,0.3315885382817128
水果,0.3109882243955262
结节,0.29241291885438825
李青,0.29241291885438825
高度近视,0.29241291885438825
政论,0.29241291885438825
专题片,0.29241291885438825
射精,0.29241291885438825
餐具,0.2782155790612412
临床,0.2782155790612412
枸杞,0.2782155790612412
牙医,0.2782155790612412
牙套,0.2782155790612412
冲洗,0.2782155790612412
问答,0.2742824764178523
药物,0.2742824764178523
养生,0.26545104346851944
常见,0.26545104346851944
作战,0.23490715758158692
保姆,0.22214262198886522
检查,0.2213921310286584
医师,0.21697641455399191
自律,0.21697641455399191
护士,0.20866168429593088
病例,0.20866168429593088
大夫,0.20866168429593088
下颌,0.20866168429593088
发病率,0.2019212154494636
乳腺炎,0.2019212154494636
眼底病,0.2019212154494636
车站,0.2019212154494636
乳腺科,0.2019212154494636
余迪,0.2019212154494636
转账,0.2019212154494636
上叶,0.2019212154494636
胃炎,0.2019212154494636
出诊,0.2019212154494636
外孙,0.2019212154494636
法律顾问,0.2019212154494636
心血管,0.2019212154494636
哺乳期,0.2019212154494636
病灶,0.2019212154494636
骨科,0.2019212154494636
针灸,0.2019212154494636
赌王,0.2019212154494636
慈溪,0.2019212154494636
艾灸,0.2019212154494636
妊娠,0.2019212154494636
杭州湾,0.2019212154494636
于僧,0.2019212154494636
右肺,0.2019212154494636
宏达,0.2019212154494636
宇森,0.2019212154494636
红豆,0.18169980891006202
矫正,0.18169980891006202
门诊,0.17352653586316932
发烧,0.15967035269013147
血压,0.15967035269013147
加热,0.15967035269013147
垃圾,0.15967035269013147
癌症,0.15967035269013147
颧骨,0.15967035269013147
维生素,0.15967035269013147
慢性,0.15967035269013147
饮食,0.15242900807851104
皮肤,0.15242900807851104
文章,0.15166038520367506
具有,0.13982419163083332
婴儿,0.13982419163083332
民警,0.13910778953062058
痤疮,0.13910778953062058
低脂,0.13910778953062058
主治,0.13910778953062058
燕麦,0.13910778953062058
症状,0.13910778953062058
茶饮,0.13910778953062058
中药,0.13910778953062058
炎症,0.13910778953062058
外遇,0.13910778953062058
肾脏,0.13910778953062058
医学,0.13910778953062058
急性,0.13910778953062058
降低,0.13910778953062058
皮肤科,0.13910778953062058
头痛,0.1249104497374734
香蕉,0.1249104497374734
严重,0.12071716481510798
点击,0.12071716481510798
早餐,0.11888638299121894
不足,0.11228737135592014
切口,0.11142951204453899
收费,0.11142951204453899
凳子,0.11142951204453899
中医药,0.11142951204453899
北京中医药大学,0.11142951204453899
心火,0.11142951204453899
邮寄,0.11142951204453899
多见,0.11142951204453899
家政,0.11142951204453899
佟丽娅,0.11142951204453899
置换,0.11142951204453899
求救,0.11142951204453899
主治医师,0.11142951204453899
天津市,0.11142951204453899
心电图,0.11142951204453899
感叹,0.11142951204453899
栓塞,0.11142951204453899
幼儿,0.11142951204453899
室性,0.11142951204453899
盘腿,0.11142951204453899
基金,0.11142951204453899
角膜,0.11142951204453899
脚趾,0.11142951204453899
止痛药,0.11142951204453899
中医养生,0.11142951204453899
杨鹏朝,0.11142951204453899
合计,0.11142951204453899
感染性,0.11142951204453899
吵吵,0.11142951204453899
吹笛,0.11142951204453899
艾尚,0.11142951204453899
伯格,0.11142951204453899
雄鹰,0.11142951204453899
观澜,0.11142951204453899
分数,0.11142951204453899
瘦瘦,0.11142951204453899
人民大会堂,0.11142951204453899
过速,0.11142951204453899
航天,0.11142951204453899
安斗寺,0.11142951204453899
火车站,0.11142951204453899
一文,0.11142951204453899
产妇,0.11142951204453899
医务人员,0.11142951204453899
鲜红斑痣,0.11142951204453899
润肺,0.11142951204453899
伤者,0.11142951204453899
四维,0.11142951204453899
肖晓琳,0.11142951204453899
阿斯,0.11142951204453899
乳腺增生,0.11142951204453899
免疫力,0.11142951204453899
肾囊,0.11142951204453899
扁桃体,0.11142951204453899
羟色胺,0.11142951204453899
闭眼,0.11142951204453899
鲁氏盛,0.11142951204453899
万仞,0.11142951204453899
绿叶,0.11142951204453899
退烧药,0.11142951204453899
前移,0.11142951204453899
花桥,0.11142951204453899
艾滋病,0.11142951204453899
结肠镜,0.11142951204453899
机顶盒,0.11142951204453899
洋人,0.11142951204453899
死亡率,0.11142951204453899
查出,0.11142951204453899
直肠癌,0.11142951204453899
市府,0.11142951204453899
作响,0.11142951204453899
红日,0.11142951204453899
扁桃体炎,0.11142951204453899
市民,0.11142951204453899
机制,0.11142951204453899
徐书,0.11142951204453899
确保,0.11142951204453899
丰胸,0.11142951204453899
磁控,0.11142951204453899
一鸣,0.11142951204453899
胃癌,0.11142951204453899
牙槽骨,0.11142951204453899
浸润,0.11142951204453899
展翅,0.11142951204453899
博士后,0.11142951204453899
气虚,0.11142951204453899
小伙儿,0.11142951204453899
内行,0.11142951204453899
漱口,0.11142951204453899
心诚,0.11142951204453899
牙冠,0.11142951204453899
瓣膜,0.11142951204453899
儿科,0.11142951204453899
许个愿,0.11142951204453899
地瓜,0.11142951204453899
每周二,0.11142951204453899
用药指南,0.11142951204453899
离婚,0.102364290826271
山药,0.102364290826271
风险,0.102364290826271
剧烈,0.102364290826271
睡眠,0.102364290826271
咳嗽,0.102364290826271
使者,0.102364290826271
冬瓜,0.102364290826271
明目,0.102364290826271
纵火案,0.102364290826271
外出,0.102364290826271
成分,0.09794857435160458
合肥,0.09794857435160458
好运,0.09794857435160458
入睡,0.09794857435160458
疼痛,0.09794857435160458
说明,0.09794857435160458
沈阳,0.09794857435160458
恢复,0.08900532155170494
下巴,0.08900532155170494
回答,0.08900532155170494
企业,0.07629436361177747
对比,0.07629436361177747
湿气,0.07629436361177747
群众,0.07629436361177747
人群,0.07629436361177747
眼镜,0.07629436361177747
如图,0.07629436361177747
关节,0.07629436361177747
喝水,0.07629436361177747
客气,0.07629436361177747
肝脏,0.07629436361177747
调理,0.07629436361177747
完善,0.07629436361177747
中医,0.07629436361177747
论坛,0.07629436361177747
蔬菜,0.07591911813167405
发表,0.07591911813167405
民族,0.07591911813167405
产品,0.07516862717146712
影响,0.07491639461121413
武汉,0.0695538947653103
热病,0.0695538947653103
老年人,0.0695538947653103
高于,0.0695538947653103
枸杞子,0.0695538947653103
静坐,0.0695538947653103
泰达,0.0695538947653103
痊愈,0.0695538947653103
团长,0.0695538947653103
熬夜,0.0695538947653103
电器,0.0695538947653103
肝肾,0.0695538947653103
堆积,0.0695538947653103
特性,0.0695538947653103
鲤鱼,0.0695538947653103
清洁,0.0695538947653103
间隙,0.0695538947653103
方便面,0.0695538947653103
入室,0.0695538947653103
疗效,0.0695538947653103
着手,0.0695538947653103
增大,0.0695538947653103
服药,0.0695538947653103
男性,0.0695538947653103
多汗,0.0695538947653103
活出,0.0695538947653103
西医,0.0695538947653103
小美,0.0695538947653103
深入,0.0695538947653103
薏米仁,0.0695538947653103
膳食,0.0695538947653103
理念,0.0695538947653103
风采,0.0695538947653103
转诊,0.0695538947653103
彩超,0.0695538947653103
困扰,0.0695538947653103
高铁,0.0695538947653103
胎儿,0.0695538947653103
红润,0.0695538947653103
有伤,0.0695538947653103
平稳,0.0695538947653103
肿胀,0.0695538947653103
鼻腔,0.0695538947653103
秦皇岛,0.0695538947653103
血管疾病,0.0695538947653103
医者,0.0695538947653103
月经,0.0695538947653103
多发,0.0695538947653103
生物钟,0.0695538947653103
统治,0.0695538947653103
上班族,0.0695538947653103
伴有,0.0695538947653103
近视,0.0695538947653103
综合征,0.0695538947653103
常规,0.0695538947653103
看书,0.0695538947653103
列车,0.0695538947653103
暑热,0.0695538947653103
医疗,0.0695538947653103
小便,0.0695538947653103
口渴,0.0695538947653103
白血病,0.0695538947653103
基金会,0.0695538947653103
假体,0.0695538947653103
小看,0.0695538947653103
黄芪,0.0695538947653103
缩小,0.0695538947653103
教养,0.0695538947653103
丽人,0.0695538947653103
放映厅,0.0695538947653103
汤饮,0.0695538947653103
暗疮,0.0695538947653103
臃肿,0.0695538947653103
冲泡,0.0695538947653103
大便,0.0695538947653103
用时,0.0695538947653103
胖胖,0.0695538947653103
问题,0.06525548216403386
肌肉,0.05729347828830187
大连,0.05607295707237586
大众,0.05607295707237586
流量,0.05607295707237586
百年,0.05607295707237586
菊花,0.05607295707237586
有希,0.05607295707237586
条件,0.05607295707237586
眉毛,0.05607295707237586
牙齿,0.05607295707237586
常常,0.05607295707237586
害怕,0.05607295707237586
体检,0.05607295707237586
生命,0.053889661911743506
很大,0.051048206848670896
感悟,0.04505822896241059
绿豆,0.04505822896241059
机能,0.04505822896241059
家属,0.04505822896241059
恋情,0.04505822896241059
毛发,0.04505822896241059
尾随,0.04505822896241059
有病,0.04505822896241059
研究生,0.04505822896241059
胃肠,0.04505822896241059
炒蛋,0.04505822896241059
损伤,0.04505822896241059
主持人,0.04505822896241059
脸型,0.04505822896241059
瘦脸,0.04505822896241059
低于,0.04505822896241059
口感,0.04505822896241059
干预,0.04505822896241059
三里屯,0.04505822896241059
转移,0.04505822896241059
膝盖,0.04505822896241059
艰辛,0.04505822896241059
消肿,0.04505822896241059
特征,0.04505822896241059
精品,0.04505822896241059
受损,0.04505822896241059
下降,0.04505822896241059
富含,0.04505822896241059
关闭,0.04505822896241059
所致,0.04505822896241059
自助,0.04505822896241059
发热,0.04505822896241059
生理,0.04505822896241059
苦恼,0.04505822896241059
有损,0.04505822896241059
乏力,0.04505822896241059
召开,0.04505822896241059
健康,0.04341578983082836
男子,0.04115921517901598
研究,0.04115921517901598
正常,0.04115921517901598
出生,0.03955086490742796
之家,0.03955086490742796
营养,0.03955086490742796
偶遇,0.03955086490742796
尊重,0.03955086490742796
功效,0.03955086490742796
必要,0.03955086490742796
内容,0.03879882226708301
夏季,0.03513514843276151
明确,0.027678277486081555
看淡,0.027678277486081555
范围,0.027678277486081555
腹部,0.027678277486081555
大会,0.027678277486081555
年纪,0.027678277486081555
美貌,0.027678277486081555
小孩,0.027678277486081555
气血,0.027678277486081555
合成,0.027678277486081555
老公,0.027678277486081555
圈子,0.027678277486081555
暴露,0.027678277486081555
您好,0.027678277486081555
剪辑,0.027678277486081555
整形,0.027678277486081555
短发,0.027678277486081555
气色,0.027678277486081555
释放,0.027678277486081555
美容,0.027678277486081555
预防,0.027678277486081555
配方,0.027678277486081555
草莓,0.027678277486081555
瘦身,0.027678277486081555
多余,0.027678277486081555
服务,0.027678277486081555
百姓,0.027678277486081555
经营,0.027678277486081555
度假,0.027678277486081555
促进,0.027678277486081555
金属,0.027678277486081555
罕见,0.027678277486081555
内侧,0.027678277486081555
防止,0.027678277486081555
程度,0.026927786525874648
翻译,0.02558163502489883
杭州,0.02558163502489883
日记,0.02558163502489883
动力,0.02558163502489883
专家,0.02558163502489883
高温,0.02558163502489883
在线,0.02558163502489883
网站,0.02558163502489883
讨论,0.02558163502489883
竟是,0.02558163502489883
及时,0.02558163502489883
保持,0.023028772742480032
妈妈,0.023028772742480032
已婚,0.020937808639614346
龙湾,0.020937808639614346
中医学,0.020937808639614346
圆梦,0.020937808639614346
歧视,0.020937808639614346
挤挤,0.020937808639614346
毛囊,0.020937808639614346
口腔医院,0.020937808639614346
儿科医生,0.020937808639614346
摆在,0.020937808639614346
追星,0.020937808639614346
国防,0.020937808639614346
周二,0.020937808639614346
开工,0.020937808639614346
高层,0.020937808639614346
米粉,0.020937808639614346
带头人,0.020937808639614346
激光,0.020937808639614346
极小,0.020937808639614346
空空如也,0.020937808639614346
跪坐,0.020937808639614346
常见病,0.020937808639614346
固原,0.020937808639614346
药房,0.020937808639614346
手风琴,0.020937808639614346
而起,0.020937808639614346
早搏,0.020937808639614346
海鱼,0.020937808639614346
设立,0.020937808639614346
走遍,0.020937808639614346
南湖,0.020937808639614346
有序,0.020937808639614346
传真,0.020937808639614346
穆黑而,0.020937808639614346
内镜,0.020937808639614346
爱民,0.020937808639614346
央求,0.020937808639614346
发亮,0.020937808639614346
老穆,0.020937808639614346
九宮格,0.020937808639614346
祛除,0.020937808639614346
磷酸,0.020937808639614346
实话,0.020937808639614346
自由民主,0.020937808639614346
口罩,0.020937808639614346
转为,0.020937808639614346
血块,0.020937808639614346
管隔着,0.020937808639614346
浅表性,0.020937808639614346
驶进,0.020937808639614346
烦心,0.020937808639614346
牛蒡,0.020937808639614346
丰臀,0.020937808639614346
微量元素,0.020937808639614346
苗头,0.020937808639614346
蛇尾,0.020937808639614346
益气,0.020937808639614346
民丰,0.020937808639614346
眷顾,0.020937808639614346
眸子,0.020937808639614346
哈达,0.020937808639614346
丽都,0.020937808639614346
馍馍,0.020937808639614346
谎称,0.020937808639614346
胸罩,0.020937808639614346
习一下,0.020937808639614346
抱负,0.020937808639614346
卫固表,0.020937808639614346
多源,0.020937808639614346
中醫,0.020937808639614346
推迟,0.020937808639614346
五山,0.020937808639614346
西路,0.020937808639614346
领走,0.020937808639614346
大伟,0.020937808639614346
洁肤,0.020937808639614346
腋毛,0.020937808639614346
开裂,0.020937808639614346
于提,0.020937808639614346
素养,0.020937808639614346
号召,0.020937808639614346
着风,0.020937808639614346
送奶工,0.020937808639614346
眼病,0.020937808639614346
天书,0.020937808639614346
云深,0.020937808639614346
红梅,0.020937808639614346
腥味,0.020937808639614346
做主,0.020937808639614346
前明,0.020937808639614346
二十五日,0.020937808639614346
乙乙,0.020937808639614346
温饱,0.020937808639614346
区域,0.020937808639614346
相反,0.020937808639614346
消渴,0.020937808639614346
湖北省,0.020937808639614346
多学科,0.020937808639614346
复印,0.020937808639614346
天黑,0.020937808639614346
方三剂,0.020937808639614346
行期,0.020937808639614346
阿坝藏族羌族自治州,0.020937808639614346
内踝,0.020937808639614346
姜黄,0.020937808639614346
制片人,0.020937808639614346
凤凰网,0.020937808639614346
高铁回,0.020937808639614346
升阳,0.020937808639614346
强心,0.020937808639614346
第一届,0.020937808639614346
益于,0.020937808639614346
始料未及,0.020937808639614346
标本,0.020937808639614346
扭转,0.020937808639614346
太阴,0.020937808639614346
黄豆,0.020937808639614346
口苦,0.020937808639614346
抢劫,0.020937808639614346
如用,0.020937808639614346
舒畅,0.020937808639614346
江苏省,0.020937808639614346
节点,0.020937808639614346
激增,0.020937808639614346
黄姚镇,0.020937808639614346
风清,0.020937808639614346
皮⑧,0.020937808639614346
新世纪,0.020937808639614346
月经不调,0.020937808639614346
初衷,0.020937808639614346
防火,0.020937808639614346
坐台,0.020937808639614346
咳喘,0.020937808639614346
易降,0.020937808639614346
甄选,0.020937808639614346
发表论文,0.020937808639614346
黑格尔,0.020937808639614346
中老年,0.020937808639614346
阳脏,0.020937808639614346
坐标,0.020937808639614346
直肠,0.020937808639614346
下唇,0.020937808639614346
地暖,0.020937808639614346
闭合,0.020937808639614346
娱乐明星,0.020937808639614346
酷爱,0.020937808639614346
停经,0.020937808639614346
腺癌,0.020937808639614346
萎缩性,0.020937808639614346
拉汉,0.020937808639614346
暗淡,0.020937808639614346
多心,0.020937808639614346
名将,0.020937808639614346
激光脱毛,0.020937808639614346
益精,0.020937808639614346
双合,0.020937808639614346
费电,0.020937808639614346
晴雨表,0.020937808639614346
休止期,0.020937808639614346
左肺,0.020937808639614346
心律,0.020937808639614346
蒙头,0.020937808639614346
赖于,0.020937808639614346
李嘉诚,0.020937808639614346
矫正器,0.020937808639614346
宫寒,0.020937808639614346
安全高效,0.020937808639614346
文笔,0.020937808639614346
似水,0.020937808639614346
张无创,0.020937808639614346
肿大,0.020937808639614346
楔形,0.020937808639614346
脑溢血,0.020937808639614346
西塔,0.020937808639614346
眼跳,0.020937808639614346
站台,0.020937808639614346
燕窩,0.020937808639614346
四成,0.020937808639614346
性味,0.020937808639614346
洗手,0.020937808639614346
昙花,0.020937808639614346
玉灵,0.020937808639614346
粗话,0.020937808639614346
耗电,0.020937808639614346
同胞,0.020937808639614346
有违,0.020937808639614346
医事,0.020937808639614346
松垮,0.020937808639614346
白萝卜,0.020937808639614346
畸形,0.020937808639614346
去油,0.020937808639614346
任何坏,0.020937808639614346
青壮年,0.020937808639614346
更年期,0.020937808639614346
坦途,0.020937808639614346
娇嫩,0.020937808639614346
饰物,0.020937808639614346
常青,0.020937808639614346
仿瓷,0.020937808639614346
夭折,0.020937808639614346
孤独症,0.020937808639614346
宝塔,0.020937808639614346
体魄,0.020937808639614346
后怕,0.020937808639614346
代笔,0.020937808639614346
机子,0.020937808639614346
平肝,0.020937808639614346
蚂蚁,0.020937808639614346
玉液,0.020937808639614346
李晓霞,0.020937808639614346
番石榴,0.020937808639614346
温书,0.020937808639614346
男用,0.020937808639614346
肥嘟嘟,0.020937808639614346
明确性,0.020937808639614346
转行,0.020937808639614346
老年痴呆症,0.020937808639614346
无缝,0.020937808639614346
并用,0.020937808639614346
莲心,0.020937808639614346
文化市场,0.020937808639614346
宽广,0.020937808639614346
新盛,0.020937808639614346
如火,0.020937808639614346
烧死,0.020937808639614346
军队,0.020937808639614346
致力于,0.020937808639614346
老中医,0.020937808639614346
英标,0.020937808639614346
咨询电话,0.020937808639614346
奥美,0.020937808639614346
频发,0.020937808639614346
新增,0.020937808639614346
插座,0.020937808639614346
厚度,0.020937808639614346
救急,0.020937808639614346
烟雾,0.020937808639614346
访谈,0.020937808639614346
反光板,0.020937808639614346
工作职责,0.020937808639614346
安神,0.020937808639614346
关于溃,0.020937808639614346
全景,0.020937808639614346
影音,0.020937808639614346
可观,0.020937808639614346
对照,0.020937808639614346
缩短,0.020937808639614346
头颈部,0.020937808639614346
西吉,0.020937808639614346
心室,0.020937808639614346
助理,0.020937808639614346
红火,0.020937808639614346
僧众,0.020937808639614346
拉稀,0.020937808639614346
苗条,0.020937808639614346
遇难者,0.020937808639614346
来源地,0.020937808639614346
茼蒿,0.020937808639614346
协作,0.020937808639614346
饮茶,0.020937808639614346
订制,0.020937808639614346
疾患,0.020937808639614346
乳房疾病,0.020937808639614346
天色,0.020937808639614346
高铁上,0.020937808639614346
柴胡,0.020937808639614346
熄灭,0.020937808639614346
于穿,0.020937808639614346
服务业,0.020937808639614346
杨振宁,0.020937808639614346
张晓光,0.020937808639614346
钱比,0.020937808639614346
复查,0.020937808639614346
首都,0.020937808639614346
微创手术,0.020937808639614346
老土,0.020937808639614346
阴性,0.020937808639614346
禁忌症,0.020937808639614346
何让,0.020937808639614346
颈项,0.020937808639614346
写明,0.020937808639614346
邮寄费,0.020937808639614346
没劲儿,0.020937808639614346
归根,0.020937808639614346
刺目,0.020937808639614346
病态,0.020937808639614346
巴布,0.020937808639614346
阻塞性,0.020937808639614346
尼龙,0.020937808639614346
样书,0.020937808639614346
切除术,0.020937808639614346
性工作,0.020937808639614346
有心力,0.020937808639614346
苏亲,0.020937808639614346
眼底,0.020937808639614346
高风险,0.020937808639614346
大大大,0.020937808639614346
腌菜,0.020937808639614346
产品线,0.020937808639614346
南站,0.020937808639614346
李士懋,0.020937808639614346
酰胺,0.020937808639614346
控件,0.020937808639614346
投缘,0.020937808639614346
大威,0.020937808639614346
佝偻病,0.020937808639614346
前生,0.020937808639614346
乱真,0.020937808639614346
危及,0.020937808639614346
纳入,0.020937808639614346
素食者,0.020937808639614346
一般常识,0.020937808639614346
奶类,0.020937808639614346
垂钓,0.020937808639614346
皮筋,0.020937808639614346
偏向,0.020937808639614346
非洲人,0.020937808639614346
不依,0.020937808639614346
薄饼,0.020937808639614346
寿面,0.020937808639614346
核磁共振,0.020937808639614346
协商,0.020937808639614346
来去,0.020937808639614346
贬低,0.020937808639614346
白浪,0.020937808639614346
为过,0.020937808639614346
眉心,0.020937808639614346
维尼,0.020937808639614346
漱口水,0.020937808639614346
养护,0.020937808639614346
活到,0.020937808639614346
日本京都大学,0.020937808639614346
自慰器,0.020937808639614346
后代,0.020937808639614346
雨点,0.020937808639614346
和心,0.020937808639614346
北纬,0.020937808639614346
出关,0.020937808639614346
拉蒙,0.020937808639614346
唐卡,0.020937808639614346
扑克,0.020937808639614346
候车,0.020937808639614346
糜烂,0.020937808639614346
孔医堂,0.020937808639614346
刚出,0.020937808639614346
牙科,0.020937808639614346
思虑,0.020937808639614346
爱多,0.020937808639614346
册数,0.020937808639614346
夜深,0.020937808639614346
股骨头,0.020937808639614346
大西,0.020937808639614346
马勃,0.020937808639614346
科普教育,0.020937808639614346
及电,0.020937808639614346
浆糊,0.020937808639614346
多方面,0.020937808639614346
老得,0.020937808639614346
术业,0.020937808639614346
菲力,0.020937808639614346
心理健康,0.020937808639614346
早课,0.020937808639614346
维格,0.020937808639614346
春柳,0.020937808639614346
致畸,0.020937808639614346
酒气,0.020937808639614346
望上,0.020937808639614346
紧张性,0.020937808639614346
建宏,0.020937808639614346
劳损,0.020937808639614346
弹性,0.020937808639614346
收口,0.020937808639614346
预留,0.020937808639614346
肺病,0.020937808639614346
脱水,0.020937808639614346
并发症,0.020937808639614346
疑难,0.020937808639614346
多种颜色,0.020937808639614346
加温,0.020937808639614346
企业家,0.020937808639614346
应多,0.020937808639614346
有形,0.020937808639614346
惭愧,0.020937808639614346
临沂,0.020937808639614346
发冷,0.020937808639614346
天健,0.020937808639614346
屏障,0.020937808639614346
孔令谦,0.020937808639614346
心肌炎,0.020937808639614346
医学科普,0.020937808639614346
下陷,0.020937808639614346
贮存,0.020937808639614346
疫苗,0.020937808639614346
卓克基,0.020937808639614346
鸡内金,0.020937808639614346
谢晨,0.020937808639614346
寒气,0.020937808639614346
无知者,0.020937808639614346
熟食,0.020937808639614346
常要,0.020937808639614346
人母,0.020937808639614346
下工,0.020937808639614346
多环,0.020937808639614346
杨希川,0.020937808639614346
备考,0.020937808639614346
林生,0.020937808639614346
大河,0.020937808639614346
密集,0.020937808639614346
嘉悦,0.020937808639614346
微醉,0.020937808639614346
因子,0.020937808639614346
天坛牌,0.020937808639614346
红唇,0.020937808639614346
常问,0.020937808639614346
忌口,0.020937808639614346
说不得,0.020937808639614346
纤维素,0.020937808639614346
猕猴桃,0.020937808639614346
药单,0.020937808639614346
忐忑,0.020937808639614346
只见,0.020937808639614346
张保,0.020937808639614346
徐宏俊,0.020937808639614346
淋巴,0.020937808639614346
全家,0.020937808639614346
不符,0.020937808639614346
三文,0.020937808639614346
郁金,0.020937808639614346
日久,0.020937808639614346
淋漓,0.020937808639614346
肩臂,0.020937808639614346
傅之官,0.020937808639614346
可生,0.020937808639614346
张图教,0.020937808639614346
决断,0.020937808639614346
偷电,0.020937808639614346
银马宣,0.020937808639614346
阿牛,0.020937808639614346
愿景,0.020937808639614346
金赛,0.020937808639614346
程后,0.020937808639614346
调转,0.020937808639614346
开水,0.020937808639614346
司法,0.020937808639614346
上进,0.020937808639614346
中街,0.020937808639614346
防护,0.020937808639614346
伏难调,0.020937808639614346
性学,0.020937808639614346
仙女棒,0.020937808639614346
会场,0.020937808639614346
君子兰,0.020937808639614346
急中生智,0.020937808639614346
窗子,0.020937808639614346
准入,0.020937808639614346
厚厚,0.020937808639614346
端点,0.020937808639614346
中重度,0.020937808639614346
盛型,0.020937808639614346
熟练,0.020937808639614346
链状,0.020937808639614346
麻疹,0.020937808639614346
大有益处,0.020937808639614346
塑料,0.020937808639614346
女用,0.020937808639614346
补牙,0.020937808639614346
家政服务,0.020937808639614346
做爱,0.020937808639614346
望京,0.020937808639614346
保持器,0.020937808639614346
横流,0.020937808639614346
空心菜,0.020937808639614346
异物,0.020937808639614346
接种,0.020937808639614346
妇科炎症,0.020937808639614346
疏泄,0.020937808639614346
泌尿外科,0.020937808639614346
李青一,0.020937808639614346
颅脑,0.020937808639614346
皓齿,0.020937808639614346
韧性,0.020937808639614346
家里人,0.020937808639614346
游一圈,0.020937808639614346
草率,0.020937808639614346
贺州,0.020937808639614346
毛玻璃,0.020937808639614346
撤退,0.020937808639614346
巴子,0.020937808639614346
色斑,0.020937808639614346
重感冒,0.020937808639614346
溃疡,0.020937808639614346
咬合,0.020937808639614346
一定量,0.020937808639614346
福至,0.020937808639614346
专攻,0.020937808639614346
视机,0.020937808639614346
材料,0.020937808639614346
苏大,0.020937808639614346
葛根,0.020937808639614346
全息,0.020937808639614346
胰腺,0.020937808639614346
剑桥大学,0.020937808639614346
讲堂,0.020937808639614346
疲乏,0.020937808639614346
脑血管,0.020937808639614346
缓慢,0.020937808639614346
碧波,0.020937808639614346
毒素,0.020937808639614346
响应,0.020937808639614346
乒乓,0.020937808639614346
审视,0.020937808639614346
汤方证,0.020937808639614346
常食,0.020937808639614346
扩大,0.020937808639614346
光线,0.020937808639614346
省去,0.020937808639614346
痈疽,0.020937808639614346
衰竭,0.020937808639614346
吊针,0.020937808639614346
深化,0.020937808639614346
强而经,0.020937808639614346
哀愁,0.020937808639614346
执笔,0.020937808639614346
用得上,0.020937808639614346
少于,0.020937808639614346
咽炎,0.020937808639614346
天数,0.020937808639614346
患病,0.020937808639614346
子心,0.020937808639614346
薏仁,0.020937808639614346
减灾,0.020937808639614346
喧闹,0.020937808639614346
松弛,0.020937808639614346
腹壁,0.020937808639614346
催乳,0.020937808639614346
买房,0.020937808639614346
自问,0.020937808639614346
纳米,0.020937808639614346
大棚,0.020937808639614346
耗材,0.020937808639614346
钱买,0.020937808639614346
搭桥,0.020937808639614346
筋骨,0.020937808639614346
卧床,0.020937808639614346
棉袄,0.020937808639614346
弹力袜,0.020937808639614346
觉察,0.020937808639614346
代发,0.020937808639614346
程氏,0.020937808639614346
多运,0.020937808639614346
洋洋,0.020937808639614346
留学生,0.020937808639614346
甄管,0.020937808639614346
小桌,0.020937808639614346
中小企业,0.020937808639614346
领略,0.020937808639614346
指南针,0.020937808639614346
溺水,0.020937808639614346
拍片,0.020937808639614346
顽强,0.020937808639614346
小于,0.020937808639614346
单桂敏,0.020937808639614346
胶布,0.020937808639614346
厂商,0.020937808639614346
许可证,0.020937808639614346
曾问我,0.020937808639614346
滑翔,0.020937808639614346
减速,0.020937808639614346
尘世,0.020937808639614346
日报,0.020937808639614346
缝衣针,0.020937808639614346
评出,0.020937808639614346
商机,0.020937808639614346
周其锋,0.020937808639614346
滞留,0.020937808639614346
李远宏,0.020937808639614346
程凯,0.020937808639614346
章就,0.020937808639614346
兼容,0.020937808639614346
色相,0.020937808639614346
水帘,0.020937808639614346
绝经,0.020937808639614346
丛生,0.020937808639614346
全自动,0.020937808639614346
何护胃,0.020937808639614346
跪地,0.020937808639614346
研究所,0.020937808639614346
满血,0.020937808639614346
贵客,0.020937808639614346
勃起,0.020937808639614346
身材,0.020740036095017473
早安,0.020740036095017473
安全,0.020740036095017473
人生,0.017345862616334837
腿部,0.01419733979314714
含有,0.01419733979314714
早期,0.01419733979314714
发胖,0.01419733979314714
女性,0.01419733979314714
增加,0.01419733979314714
眼前,0.01419733979314714
预约,0.01419733979314714
妙招,0.01419733979314714
央视,0.01419733979314714
治愈,0.01419733979314714
我国,0.01419733979314714
反对,0.01419733979314714
艰难,0.01419733979314714
思想,0.01419733979314714
体重,0.01419733979314714
价值观,0.01419733979314714
孕期,0.01419733979314714
多一点,0.01419733979314714
儿童,0.01419733979314714
食物,0.01419733979314714
小方,0.01419733979314714
不适,0.01419733979314714
排毒,0.01419733979314714
女孩子,0.01419733979314714
多好,0.01419733979314714
导致,0.01419733979314714
同行,0.01419733979314714
引发,0.01419733979314714
热闹,0.01419733979314714
组织,0.01419733979314714
得了,0.01419733979314714
领导,0.01419733979314714
饮酒,0.01419733979314714
聪明,0.013480937692934401
减少,0.013480937692934401
心脏,0.013480937692934401
完整,0.013480937692934401
习惯,0.013480937692934401
面部,0.013480937692934401
减肥,0.013480937692934401
环境,0.013480937692934401
年龄,0.013480937692934401
进行,0.011331731392296185
出现,0.008655886878170323
注意,0.008655886878170323
录制,0.00852173345903747
解决,0.0075983281578483235
不良,0.0031826116831818775
数字,0.0031826116831818775
功能,0.0031826116831818775
练习,0.0031826116831818775
避暑,0.0031826116831818775
隐藏,0.0031826116831818775
显得,0.0031826116831818775
人员,0.0031826116831818775
提示,0.0031826116831818775
部位,0.0031826116831818775
保证,0.0031826116831818775
原则,0.0031826116831818775
认真,0.0031826116831818775
市场,0.0031826116831818775
大型,0.0031826116831818775
物质,0.0031826116831818775
水平,0.0031826116831818775
运气,0.002807366203078412
互动,0.002807366203078412
愿意,0.002807366203078412
经历,0.002807366203078412
开播,0.002807366203078412
足够,0.002807366203078412
山中,0.0
可在,0.0
银翘,0.0
口腔,0.0
寻求,0.0
政治,0.0
旅日,0.0
打字,0.0
乐于,0.0
手段,0.0
安徽省,0.0
规律,0.0
浓密,0.0
文明,0.0
冰砖,0.0
面容,0.0
关乎,0.0
糖尿病人,0.0
棺材,0.0
坏死,0.0
权威,0.0
缺血,0.0
家伙,0.0
凉风,0.0
子宫,0.0
润燥,0.0
月经失调,0.0
白皙,0.0
车窗,0.0
老总,0.0
十本,0.0
苦瓜,0.0
皮肤病,0.0
剥夺,0.0
热衷,0.0
摄入,0.0
演戏,0.0
不适感,0.0
时间差,0.0
听见,0.0
多想,0.0
震动,0.0
词汇,0.0
