大爆炸,1.0
贺涵,0.9445873961652567
楚乔传,0.9113894947682698
受重,0.8617137742594921
浪花,0.744028641468434
唐晶,0.744028641468434
影视,0.681868095642927
电视剧,0.6677696608378907
军师,0.6616242696706366
玲珑,0.6616242696706366
犯罪,0.6377388355443718
天府,0.5851413227784766
赵丽颖,0.5606303583679074
剧中,0.5314490296203099
收视,0.5067218952947071
韩版,0.5067218952947071
新剧,0.5067218952947071
楚乔,0.4880572829368675
暂停,0.446855097037969
吴奇隆,0.446855097037969
头部,0.446855097037969
甄宓,0.446855097037969
马可,0.446855097037969
跌落,0.446855097037969
字幕,0.42678030396239747
变种,0.4251592236962478
马天宇,0.4251592236962478
公子,0.4191487951205973
小黄,0.3876451720001816
夫妇,0.3416600715061789
花絮,0.3383236369372509
吴秀波,0.3315756949464874
郑爽,0.3315756949464874
剧照,0.3315756949464874
片场,0.3315756949464874
靳东,0.3315756949464874
亚特兰大,0.3188694177721859
李海娜,0.3188694177721859
成河,0.3188694177721859
重症,0.3188694177721859
钟汉良,0.3188694177721859
刘奕君,0.3188694177721859
水木,0.3188694177721859
尹均相,0.3188694177721859
日剧,0.3188694177721859
红尘,0.3188694177721859
地面,0.3188694177721859
逆流,0.3188694177721859
陈伟霆,0.3166798569876421
演员,0.30966365168973303
关塔那摩,0.3085688712974612
四不像,0.3085688712974612
日开播,0.3085688712974612
曹叡,0.3085688712974612
张智尧,0.3085688712974612
李准基,0.3085688712974612
于晓光,0.3085688712974612
伯爵,0.3085688712974612
泳坛,0.3085688712974612
混凝土,0.3085688712974612
拍摄,0.29141825434423957
翻译,0.2813975467206358
心理,0.2813975467206358
热血,0.27766723187328723
剧场,0.27766723187328723
刘诗诗,0.27766723187328723
湖南卫视,0.2651771246140189
威廉,0.2440025947723775
王俊凯,0.2440025947723775
燕洵,0.2440025947723775
东方卫视,0.2440025947723775
讲述,0.2329366276400486
饰演,0.23208592440530132
小说,0.21367439224039572
联盟,0.21367439224039572
李沁,0.21367439224039572
十里,0.21367439224039572
片花,0.21257961184812393
周三,0.21257961184812393
曹丕,0.21257961184812393
李钟硕,0.21257961184812393
凌王,0.21257961184812393
特技,0.21257961184812393
司马懿之,0.21257961184812393
马尔代夫,0.21257961184812393
战警,0.21257961184812393
浪漫满屋,0.21257961184812393
定情,0.21257961184812393
一吻,0.21257961184812393
邬童,0.21257961184812393
影视剧,0.21257961184812393
一山,0.19088373850640275
卫视,0.19088373850640275
直播间,0.19088373850640275
角色,0.18447570855946135
救世,0.1702826455569535
朴敏英,0.1702826455569535
九门,0.1702826455569535
司马懿,0.1702826455569535
监护,0.1702826455569535
唐晶问,0.1702826455569535
焦圈,0.1702826455569535
仁君,0.1702826455569535
张丽平,0.1702826455569535
全攻略,0.1702826455569535
李睿,0.1702826455569535
罗云,0.1702826455569535
段看得,0.1702826455569535
秘书,0.1702826455569535
呼吸机,0.1702826455569535
餐车,0.1702826455569535
扮相,0.1702826455569535
女婿,0.1702826455569535
靳东贺,0.1702826455569535
小谢,0.1702826455569535
大碍,0.1702826455569535
江铠同,0.1702826455569535
仲达,0.1702826455569535
吴倩,0.1702826455569535
博实,0.1702826455569535
熊梓淇,0.1702826455569535
报酬,0.1702826455569535
宠妃,0.1702826455569535
曹植,0.1702826455569535
文彩,0.1702826455569535
组网,0.1702826455569535
骨朵,0.1702826455569535
俊男,0.1702826455569535
松韵,0.1702826455569535
七步诗,0.1702826455569535
戰隊,0.1702826455569535
张嘉译,0.1702826455569535
中译英,0.1702826455569535
陈赤赤,0.1702826455569535
郭照,0.1702826455569535
上古,0.15642949459826763
情歌,0.15642949459826763
韩剧,0.15642949459826763
军事,0.15642949459826763
窦骁,0.15642949459826763
季第,0.15642949459826763
腹黑,0.15642949459826763
春风,0.1496815526075042
T恤,0.1496815526075042
密码,0.1496815526075042
半生,0.1474919918229605
时代,0.14208138817465815
公开,0.13601478947887413
海报,0.13601478947887413
青春,0.12951279948812136
憧憬,0.12421318377391836
预告,0.11768513279105845
周四,0.11659035239878655
戏份,0.11659035239878655
改编,0.11601691550659449
第八,0.11601691550659449
总裁,0.11601691550659449
刀手,0.11487004172221021
拼图,0.10628980592406198
新婚,0.10628980592406198
淳儿,0.10628980592406198
袁泉,0.10628980592406198
板凳,0.10628980592406198
刺杀,0.10628980592406198
被迫,0.10628980592406198
美酒,0.10628980592406198
坦诚,0.10628980592406198
剧组,0.10628980592406198
智商,0.10628980592406198
开机,0.10628980592406198
刘宪华,0.10628980592406198
格局,0.10628980592406198
繁花,0.10628980592406198
英语翻译,0.10628980592406198
政府,0.10628980592406198
边伯贤,0.10628980592406198
地下,0.10628980592406198
师徒,0.10628980592406198
安稳,0.10628980592406198
刀子嘴,0.10628980592406198
但愿,0.10628980592406198
影业,0.10628980592406198
冯建宇,0.10628980592406198
天庭,0.10628980592406198
李晨,0.10628980592406198
金鹰,0.10628980592406198
琼斯,0.10628980592406198
娜娜,0.10628980592406198
君主,0.10628980592406198
天帝,0.10628980592406198
汪涵,0.10628980592406198
案件,0.10628980592406198
张艺兴,0.10628980592406198
英语,0.10628980592406198
作揖,0.08755387039828692
片段,0.08755387039828692
暑期,0.08755387039828692
曝光,0.08755387039828692
泰国,0.08755387039828692
特工,0.08568871297461265
隐忍,0.08568871297461265
官宣,0.08568871297461265
看过,0.08568871297461265
搭档,0.08568871297461265
题材,0.08568871297461265
记者,0.08568871297461265
组织,0.08568871297461265
少年,0.074819685981494
杀青,0.06885639442415778
遥控器,0.06885639442415778
古剑奇,0.06885639442415778
乐队,0.06885639442415778
疗伤,0.06885639442415778
天赋,0.06885639442415778
盛典,0.06885639442415778
离世,0.06885639442415778
犯人,0.06885639442415778
鉴定,0.06885639442415778
棒球,0.06885639442415778
贵族,0.06885639442415778
世子,0.06885639442415778
战斗,0.06885639442415778
浴室,0.06885639442415778
关闭,0.06885639442415778
带上,0.06885639442415778
剧集,0.06885639442415778
艾美奖,0.06885639442415778
复仇,0.06885639442415778
结局,0.06289805924061967
写真,0.06289805924061967
将于,0.06289805924061967
霸道,0.06289805924061967
演技,0.060440235148930356
人员,0.060440235148930356
宇宙,0.060440235148930356
好听,0.060440235148930356
权力,0.060440235148930356
儿子,0.05369229315816687
之光,0.0422969662911704
原著,0.0422969662911704
表白,0.0422969662911704
台词,0.0422969662911704
收视率,0.0422969662911704
同名,0.0422969662911704
联手,0.0422969662911704
山雨,0.0422969662911704
看清,0.0422969662911704
宠物,0.0422969662911704
沉重,0.0422969662911704
奇幻,0.0422969662911704
国度,0.0422969662911704
古装,0.0422969662911704
宇文,0.0422969662911704
喜剧,0.0422969662911704
热播,0.0422969662911704
出轨,0.0422969662911704
倔强,0.0422969662911704
爆笑,0.0422969662911704
传媒,0.0422969662911704
进展,0.0422969662911704
哆啦,0.04115009250678615
网络,0.04115009250678615
节奏,0.04115009250678615
奇怪,0.03909295131769969
约会,0.03909295131769969
医院,0.03909295131769969
家庭,0.03909295131769969
公主,0.03909295131769969
集美,0.03199641981644576
律师,0.03199641981644576
傅培梅,0.03199641981644576
打住,0.03199641981644576
瓦拉,0.03199641981644576
司马丕,0.03199641981644576
大屏,0.03199641981644576
俞承豪,0.03199641981644576
楚乔背,0.03199641981644576
皇帝,0.03199641981644576
米多高,0.03199641981644576
陈翔橙,0.03199641981644576
危机,0.03199641981644576
了得,0.03199641981644576
音乐会,0.03199641981644576
爷们儿,0.03199641981644576
反对者,0.03199641981644576
有偿,0.03199641981644576
凹槽,0.03199641981644576
暂定,0.03199641981644576
周期表,0.03199641981644576
金装,0.03199641981644576
翻腾,0.03199641981644576
糖分,0.03199641981644576
蛰伏,0.03199641981644576
刘星到,0.03199641981644576
李翰可,0.03199641981644576
鑽石,0.03199641981644576
玉枕,0.03199641981644576
杨洋夜,0.03199641981644576
满好猜,0.03199641981644576
姜艺媛,0.03199641981644576
胡歌,0.03199641981644576
报告书,0.03199641981644576
偶像剧,0.03199641981644576
谭二,0.03199641981644576
死心塌地,0.03199641981644576
登場,0.03199641981644576
孙可芳,0.03199641981644576
虾干,0.03199641981644576
曹丕作,0.03199641981644576
乐吗,0.03199641981644576
精巧,0.03199641981644576
金珉锡,0.03199641981644576
张博,0.03199641981644576
校園,0.03199641981644576
宣阳涉,0.03199641981644576
李睿开,0.03199641981644576
皮鞋,0.03199641981644576
冷言,0.03199641981644576
闻汤识,0.03199641981644576
硅谷,0.03199641981644576
好话,0.03199641981644576
韩雪也,0.03199641981644576
泥垢,0.03199641981644576
张耀仁,0.03199641981644576
道森,0.03199641981644576
尹施允,0.03199641981644576
简直一,0.03199641981644576
连接,0.03199641981644576
皮艇,0.03199641981644576
苏女主,0.03199641981644576
分流,0.03199641981644576
悲壮,0.03199641981644576
君王,0.03199641981644576
选拔,0.03199641981644576
猎人,0.03199641981644576
和好,0.03199641981644576
克里斯滕,0.03199641981644576
翻红,0.03199641981644576
曹操,0.03199641981644576
持平,0.03199641981644576
黄晸玟,0.03199641981644576
说尽,0.03199641981644576
证照,0.03199641981644576
任心,0.03199641981644576
齐铭易,0.03199641981644576
虾米皮,0.03199641981644576
唐晶聊,0.03199641981644576
罗莎,0.03199641981644576
李志正,0.03199641981644576
天外,0.03199641981644576
北王,0.03199641981644576
大英雄,0.03199641981644576
献礼,0.03199641981644576
考克斯,0.03199641981644576
二爷,0.03199641981644576
苏志燮,0.03199641981644576
新西游记,0.03199641981644576
新生,0.03199641981644576
肖顺尧,0.03199641981644576
小国,0.03199641981644576
何帅得,0.03199641981644576
王佐奕,0.03199641981644576
苗蹭蹭,0.03199641981644576
卷起,0.03199641981644576
摩登,0.03199641981644576
替身演员,0.03199641981644576
成名作,0.03199641981644576
电驴,0.03199641981644576
对峙,0.03199641981644576
成一棵,0.03199641981644576
中英,0.03199641981644576
韩网,0.03199641981644576
香雪,0.03199641981644576
季中,0.03199641981644576
喜新,0.03199641981644576
柯尔特,0.03199641981644576
衣着,0.03199641981644576
尔顿,0.03199641981644576
光环,0.03199641981644576
淳一样,0.03199641981644576
人品,0.03199641981644576
坦克,0.03199641981644576
騎士,0.03199641981644576
本科,0.03199641981644576
开锅,0.03199641981644576
商谈,0.03199641981644576
逃亡,0.03199641981644576
村寨,0.03199641981644576
身旁,0.03199641981644576
吹毛求疵,0.03199641981644576
云朵,0.03199641981644576
韩栋,0.03199641981644576
冷凇系,0.03199641981644576
解她,0.03199641981644576
宋旻浩,0.03199641981644576
权谋,0.03199641981644576
谢衣,0.03199641981644576
关键词,0.03199641981644576
车晓,0.03199641981644576
史塔克,0.03199641981644576
跳动,0.03199641981644576
神盾,0.03199641981644576
成仙,0.03199641981644576
筒子,0.03199641981644576
潛入,0.03199641981644576
西格,0.03199641981644576
动向,0.03199641981644576
袁文傑,0.03199641981644576
权儿别,0.03199641981644576
年轻化,0.03199641981644576
王凯,0.03199641981644576
边抖边,0.03199641981644576
多哈,0.03199641981644576
钟变成,0.03199641981644576
斥责,0.03199641981644576
博恩,0.03199641981644576
艳逸,0.03199641981644576
吉拿棒,0.03199641981644576
进化史,0.03199641981644576
零嘴,0.03199641981644576
契约,0.03199641981644576
谢尔顿,0.03199641981644576
學校,0.03199641981644576
凌驾,0.03199641981644576
借位,0.03199641981644576
穆罕默德,0.03199641981644576
水机,0.03199641981644576
表演系,0.03199641981644576
开创,0.03199641981644576
英翻,0.03199641981644576
人影,0.03199641981644576
脸庞,0.03199641981644576
特報,0.03199641981644576
出错,0.03199641981644576
五味,0.03199641981644576
甄姬,0.03199641981644576
毒酒,0.03199641981644576
贺涵好,0.03199641981644576
刺猬,0.03199641981644576
台本,0.03199641981644576
李先彬,0.03199641981644576
闹别扭,0.03199641981644576
张钧甯,0.03199641981644576
管群妖,0.03199641981644576
袁文杰,0.03199641981644576
物证,0.03199641981644576
情迷,0.03199641981644576
投行,0.03199641981644576
白杨,0.03199641981644576
季首曝,0.03199641981644576
村民,0.03199641981644576
花柳,0.03199641981644576
池昌旭,0.03199641981644576
林允,0.03199641981644576
底部,0.03199641981644576
青春偶像,0.03199641981644576
延宇,0.03199641981644576
嘴甜,0.03199641981644576
倾心,0.03199641981644576
谈证论,0.03199641981644576
钟承翰,0.03199641981644576
瓦里,0.03199641981644576
写作,0.03199641981644576
主创,0.03199641981644576
梁正,0.03199641981644576
休养,0.03199641981644576
翁婿,0.03199641981644576
堂本,0.03199641981644576
世界观,0.03199641981644576
信息量,0.03199641981644576
奇奇,0.03199641981644576
火源,0.03199641981644576
贺涵唐,0.03199641981644576
金珉载,0.03199641981644576
传心,0.03199641981644576
他因,0.03199641981644576
张艺,0.03199641981644576
丑闻,0.03199641981644576
要犯,0.03199641981644576
柳昇完,0.03199641981644576
之神,0.03199641981644576
黄圣池,0.03199641981644576
还情,0.03199641981644576
古偶剧,0.03199641981644576
杰茜,0.03199641981644576
权势,0.03199641981644576
理家,0.03199641981644576
应援吗,0.03199641981644576
凌凤,0.03199641981644576
周觅,0.03199641981644576
消防車,0.03199641981644576
奇人,0.03199641981644576
独有,0.03199641981644576
陈瑶,0.03199641981644576
淺藍,0.03199641981644576
认同感,0.03199641981644576
写真集,0.03199641981644576
洛神,0.03199641981644576
认养,0.03199641981644576
争执,0.03199641981644576
中国社科院,0.03199641981644576
郑爽微,0.03199641981644576
请求,0.03199641981644576
拍档,0.03199641981644576
编组,0.03199641981644576
老幺,0.03199641981644576
能手,0.03199641981644576
裤脚,0.03199641981644576
獵鷹,0.03199641981644576
猩猩,0.03199641981644576
褪去,0.03199641981644576
邵凯,0.03199641981644576
端着,0.03199641981644576
高允,0.03199641981644576
艺术展,0.03199641981644576
洪宗玄,0.03199641981644576
痴狂,0.03199641981644576
天美,0.03199641981644576
桥段,0.03199641981644576
虾条,0.03199641981644576
崔民秀,0.03199641981644576
影迷会,0.03199641981644576
无为,0.03199641981644576
革命者,0.03199641981644576
推手,0.03199641981644576
兼职,0.03199641981644576
曹植作,0.03199641981644576
三国演义,0.03199641981644576
据传,0.03199641981644576
破冰,0.03199641981644576
承制,0.03199641981644576
小酌,0.03199641981644576
抱回家,0.03199641981644576
真真,0.03199641981644576
金土剧,0.03199641981644576
菲恩,0.03199641981644576
紧要,0.03199641981644576
季里瑟,0.03199641981644576
实到,0.03199641981644576
曹植向,0.03199641981644576
内定,0.03199641981644576
孙杨,0.03199641981644576
李敏镐,0.03199641981644576
迅雷,0.03199641981644576
于晓,0.03199641981644576
司马懿跪,0.03199641981644576
曹丕赐,0.03199641981644576
随感,0.03199641981644576
边看边,0.03199641981644576
李东健,0.03199641981644576
任少鹏,0.03199641981644576
赵泰宽,0.03199641981644576
熊貓,0.03199641981644576
路线,0.03199641981644576
军舰,0.03199641981644576
爱易,0.03199641981644576
慈母,0.03199641981644576
任时完,0.03199641981644576
非议,0.03199641981644576
李健还,0.03199641981644576
高甜吻,0.03199641981644576
种花,0.03199641981644576
王权,0.03199641981644576
上辈子,0.03199641981644576
乐部,0.03199641981644576
爱情故事,0.03199641981644576
大特写,0.03199641981644576
回目,0.03199641981644576
尽兴,0.03199641981644576
国土,0.03199641981644576
求情,0.03199641981644576
冷凇,0.03199641981644576
岳绮罗,0.03199641981644576
小星,0.03199641981644576
提名名单,0.03199641981644576
郭照收,0.03199641981644576
都市言情,0.03199641981644576
人教,0.03199641981644576
余罪,0.03199641981644576
族长,0.03199641981644576
三味线,0.03199641981644576
博弈,0.03199641981644576
李世英,0.03199641981644576
柳导,0.03199641981644576
真伪,0.03199641981644576
种地,0.03199641981644576
八珍,0.03199641981644576
休书,0.03199641981644576
落落大方,0.03199641981644576
红楼梦,0.03199641981644576
韩承羽,0.03199641981644576
萌动,0.03199641981644576
明早,0.03199641981644576
届艾美奖,0.03199641981644576
韩迷,0.03199641981644576
宣传照,0.03199641981644576
杰诺,0.03199641981644576
至此,0.03199641981644576
小玫,0.03199641981644576
小女,0.03199641981644576
司马,0.03199641981644576
阿布杜拉,0.03199641981644576
里特,0.03199641981644576
陈翔,0.03199641981644576
油菜花,0.03199641981644576
冲浪,0.03199641981644576
支持者,0.03199641981644576
陈粒三,0.03199641981644576
石器时代,0.03199641981644576
春心,0.03199641981644576
慈善,0.03199641981644576
商翻,0.03199641981644576
老大哥,0.03199641981644576
开山,0.03199641981644576
格格不入,0.03199641981644576
看好,0.03199641981644576
韦弗,0.03199641981644576
李睿比,0.03199641981644576
同根,0.03199641981644576
副总,0.03199641981644576
又名,0.03199641981644576
管写,0.03199641981644576
唐一白,0.03199641981644576
楚乔睡,0.03199641981644576
登基,0.03199641981644576
齐唐,0.03199641981644576
卡帶,0.03199641981644576
监犯,0.03199641981644576
依依,0.03199641981644576
曹植做,0.03199641981644576
于元淳,0.03199641981644576
研究员,0.03199641981644576
光用,0.03199641981644576
踊跃,0.03199641981644576
结为,0.03199641981644576
何太急,0.03199641981644576
木下,0.03199641981644576
古巴,0.03199641981644576
养儿,0.03199641981644576
機關槍,0.03199641981644576
背着,0.03199641981644576
剧作,0.03199641981644576
里奥,0.03199641981644576
萨顶顶,0.03199641981644576
点点,0.03199641981644576
卢克,0.03199641981644576
剧评,0.03199641981644576
云基本,0.03199641981644576
曹叡求,0.03199641981644576
特聘,0.03199641981644576
读出,0.03199641981644576
飚车,0.03199641981644576
麻雀,0.03199641981644576
作戰,0.03199641981644576
又见飞刀,0.03199641981644576
权美,0.03199641981644576
有责,0.03199641981644576
敌方,0.03199641981644576
玩世不恭,0.03199641981644576
惊心,0.03199641981644576
直指,0.03199641981644576
恩情,0.03199641981644576
鬼灵精,0.03199641981644576
捍卫者,0.03199641981644576
虐囚,0.03199641981644576
大段,0.03199641981644576
压制,0.03199641981644576
猛犸,0.03199641981644576
监狱,0.03199641981644576
发文,0.03199641981644576
交上,0.03199641981644576
水泥,0.03199641981644576
释怀,0.03199641981644576
十年,0.021695873341721125
王子,0.021695873341721125
联合,0.021695873341721125
分手,0.021695873341721125
围绕,0.021695873341721125
算了,0.021695873341721125
设定,0.021695873341721125
快递,0.021695873341721125
登陆,0.021695873341721125
低调,0.021695873341721125
励志,0.021695873341721125
正版,0.021695873341721125
剧情,0.021695873341721125
留言,0.021695873341721125
男友,0.021695873341721125
儿女,0.021695873341721125
安心,0.021695873341721125
投票,0.02060109294944926
主人,0.02060109294944926
帅气,0.02060109294944926
爱情,0.011611496782029685
主题曲,0.004863554791266256
主角,0.004863554791266256
我爱你,0.004863554791266256
分析,0.004863554791266256
见面,0.004863554791266256
人间,0.004863554791266256
守护,0.004863554791266256
人物,0.004863554791266256
争取,0.004863554791266256
第四,0.004863554791266256
弟弟,0.004863554791266256
屏幕,0.004863554791266256
悟空,0.004863554791266256
演绎,0.004863554791266256
视觉,0.004863554791266256
元素,0.004863554791266256
历史,0.004290117899074115
开启,0.004290117899074115
耳朵,0.004290117899074115
作品,0.004097391453146958
男女,0.004097391453146958
亚马逊,0.0
转战,0.0
燕北,0.0
凯奇,0.0
男女声,0.0
郑爽继,0.0
小火,0.0
颜值高,0.0
火箭,0.0
压轴,0.0
双语,0.0
冷战,0.0
苏打,0.0
录取,0.0
楚乔宇,0.0
闯入,0.0
小丁,0.0
之人,0.0
企图,0.0
忍者,0.0
银幕,0.0
泛滥,0.0
秋季,0.0
阴谋,0.0
重义,0.0
下海,0.0
花呢,0.0
凤凰,0.0
隐喻,0.0
添乱,0.0
追风,0.0
甜到,0.0
预售,0.0
酒杯,0.0
回眸,0.0
沉睡,0.0
黑发,0.0
白净,0.0
助攻,0.0
得体,0.0
匕首,0.0
信仰,0.0
父皇,0.0
嘴唇,0.0
无心,0.0
斯文,0.0
御用,0.0
王爷,0.0
插曲,0.0
至极,0.0
审查,0.0
灵活,0.0
无尽,0.0
棋子,0.0
玛丽,0.0
赐予,0.0
澳大利亚,0.0
玄幻,0.0
自如,0.0
太后,0.0
罗志祥,0.0
磁力,0.0
原形,0.0
建军,0.0
竞争,0.0
大本营,0.0
革命,0.0
集合,0.0
李小璐,0.0
逗趣,0.0
青蛙,0.0
朝日,0.0
简历,0.0
回路,0.0
看片,0.0
自拔,0.0
法师,0.0
年会,0.0
克里斯汀,0.0
斯图尔特,0.0
会理,0.0
丹尼尔,0.0
真话,0.0
