星座,1.0
运势,0.67857832203868
风水,0.45673540906449617
命理,0.3262395779032115
八字,0.22767507029760506
感情,0.17853835821794026
财运,0.14354541427741307
二名,0.137403325267455
吉时,0.1304958311612846
四柱,0.1304958311612846
第四名,0.1304958311612846
手相,0.1304958311612846
面相,0.1274378120439646
三名,0.12737313137521608
脾气,0.12414299438890355
米勒,0.11744624804515615
五名,0.11744624804515615
看相,0.11744624804515615
苏姗,0.11744624804515615
矛盾,0.11734293748297721
洁癖,0.10439666492902769
安全感,0.09912329157746083
忧郁,0.09728254969849941
冷漠,0.09211248690911149
蝎子,0.09134708181289923
异能,0.09134708181289923
小孩子,0.09134708181289923
十二星座,0.09134708181289923
讨厌,0.08960965049611677
代表,0.0843440972184635
在乎,0.08135277043513438
性格,0.07875297210644613
事业,0.07841213522055954
算命,0.07829749869677075
生肖,0.07829749869677075
对方,0.07043071431352181
阴阳,0.06959006109569099
有伤,0.06719196802178272
不利,0.06719196802178272
财神,0.0652479155806423
长辈,0.0652479155806423
人面,0.0652479155806423
勤劳,0.0652479155806423
何锋,0.0652479155806423
占卜,0.0652479155806423
唐绮阳,0.0652479155806423
自闭,0.0652479155806423
熟人,0.0652479155806423
分裂,0.0652479155806423
有时候,0.06469287747005635
对话,0.06132609667450905
一名,0.05999567713481553
害怕,0.05941575825722111
孤独,0.05941575825722111
塔罗,0.05716177412954381
倾向,0.05716177412954381
沉默,0.053376979809441984
轻微,0.0530621322533271
特征,0.0530621322533271
恋人,0.0530621322533271
偏执,0.052198332464513844
感性,0.052198332464513844
五行,0.052198332464513844
占有欲,0.052198332464513844
装傻,0.052198332464513844
专一,0.052198332464513844
发呆,0.052198332464513844
官星,0.052198332464513844
相位,0.052198332464513844
吉凶,0.052198332464513844
坚强,0.05097361971955314
受伤,0.05097361971955314
心里,0.050357590585552406
做事,0.05004765889901551
懒得,0.047338201361662856
贵人,0.04713158023730492
陌生人,0.04713158023730492
心地,0.04713158023730492
不顺,0.04713158023730492
农历,0.04713158023730492
伴郎,0.04713158023730492
小人,0.04713158023730492
伴娘,0.04713158023730492
异性,0.044798167832145144
理性,0.044798167832145144
内心,0.044243093336579255
心机,0.04303685423066618
渴望,0.04303685423066618
转身,0.04303685423066618
天真,0.04303685423066618
倔强,0.04303685423066618
方面,0.04283023310630824
敏感,0.041827447885884335
难过,0.041299422913883714
外表,0.03939616885679534
牛牛,0.03914874934838539
择日,0.03914874934838539
相克,0.03914874934838539
易经,0.03914874934838539
正南,0.03914874934838539
情绪化,0.03914874934838539
来可,0.03914874934838539
懒散,0.03914874934838539
慢热,0.03914874934838539
生辰八字,0.03914874934838539
出事,0.03914874934838539
升职,0.03914874934838539
太深,0.03914874934838539
加薪,0.03914874934838539
感到,0.038838817661848477
习惯,0.038838817661848477
冷静,0.037101386345066024
无名指,0.037101386345066024
征兆,0.037101386345066024
固执,0.037101386345066024
冷淡,0.037101386345066024
头脑,0.037101386345066024
悲观,0.037101386345066024
鼻子,0.03653420341096321
想法,0.03653420341096321
伪装,0.03653420341096321
气色,0.036026049562316836
单纯,0.036026049562316836
脆弱,0.036026049562316836
底线,0.036026049562316836
温和,0.036026049562316836
相处,0.035647257051167516
极端,0.035260644466104586
原则,0.03415159365950295
公众,0.03415159365950295
主动,0.03415159365950295
认真,0.03415159365950295
说话,0.032168911324932103
消失,0.030855986772928952
善良,0.030855986772928952
爱情,0.029228950378524996
思维,0.029015244893967517
餐厅,0.029015244893967517
个性,0.029015244893967517
特点,0.029015244893967517
典型,0.029015244893967517
孤单,0.029015244893967517
桃花,0.02890701846221058
看似,0.02890701846221058
社区,0.02890701846221058
缺乏,0.02890701846221058
一句话,0.02890701846221058
掩饰,0.028270238989781264
中指,0.028270238989781264
人和,0.028270238989781264
子女,0.028270238989781264
开朗,0.028270238989781264
深爱,0.028270238989781264
心底,0.028270238989781264
双方,0.028270238989781264
意见,0.028270238989781264
状况,0.028270238989781264
自尊,0.028270238989781264
不说,0.028108190135381145
自信,0.028108190135381145
小指,0.027071192452827127
忍耐,0.027071192452827127
现出,0.027071192452827127
花钱,0.027071192452827127
不佳,0.027071192452827127
孩子气,0.027071192452827127
幻想,0.027071192452827127
不算,0.027071192452827127
预测,0.027071192452827127
弱点,0.027071192452827127
认定,0.027071192452827127
容易,0.027051528974515186
发展,0.026864571328469193
吉日,0.02609916623225692
付费,0.02609916623225692
活泼,0.02609916623225692
印堂,0.02609916623225692
黄道,0.02609916623225692
吃软不吃硬,0.02609916623225692
早婚,0.02609916623225692
旺夫,0.02609916623225692
双林,0.02609916623225692
致命,0.02609916623225692
傻瓜,0.02609916623225692
公司起名,0.02609916623225692
方位,0.02609916623225692
念旧,0.02609916623225692
魔羯座,0.02609916623225692
虚假,0.02609916623225692
君子,0.02609916623225692
时辰,0.02609916623225692
星盘,0.02609916623225692
家公,0.02609916623225692
对着干,0.02609916623225692
柔弱,0.02609916623225692
勤快,0.02609916623225692
杨澜,0.02609916623225692
口诀,0.02609916623225692
额头,0.02609916623225692
廿一,0.02609916623225692
锅贴,0.02609916623225692
预警,0.02609916623225692
论点,0.02609916623225692
新欢,0.02609916623225692
懒虫,0.02609916623225692
性子,0.02609916623225692
辰巳,0.02609916623225692
牛羊马,0.02609916623225692
周易,0.02609916623225692
破财,0.02609916623225692
透彻,0.02609916623225692
图象,0.02609916623225692
提点,0.02609916623225692
公婆,0.02609916623225692
吉事,0.02609916623225692
哄人,0.02609916623225692
得罪人,0.02609916623225692
好运来,0.02609916623225692
留心,0.02609916623225692
家婆,0.02609916623225692
塔羅,0.02609916623225692
多愁善感,0.02609916623225692
着想,0.02609916623225692
恋爱,0.02366244326491819
爱上,0.023535104218546744
婚姻,0.023535104218546744
执着,0.023183087570546324
分手,0.023183087570546324
说明,0.023183087570546324
对待,0.023183087570546324
环境,0.022873155884009427
做人,0.022004440225618187
注重,0.022004440225618187
博文,0.022004440225618187
案例,0.022004440225618187
事情,0.021639568034071424
在一起,0.02080518024228973
寂寞,0.020006274568599318
凡事,0.020006274568599318
毁灭,0.020006274568599318
自私,0.020006274568599318
欺负,0.020006274568599318
依赖,0.020006274568599318
本质,0.020006274568599318
做法,0.020006274568599318
冲动,0.020006274568599318
尊严,0.020006274568599318
道长,0.020006274568599318
安静,0.018962018301712336
友情,0.018962018301712336
六月,0.018962018301712336
关心,0.018962018301712336
情绪,0.01888174043954966
联系,0.01888174043954966
表面,0.01888174043954966
分析,0.018417868067625815
发表,0.018417868067625815
我爱你,0.018417868067625815
你好,0.018417868067625815
还要,0.01810302051151093
火星,0.017144309122767196
女友,0.017144309122767196
麻烦,0.017144309122767196
常常,0.017144309122767196
自卑,0.017040998560588227
手段,0.017040998560588227
幽默,0.017040998560588227
失眠,0.017040998560588227
钻牛角尖,0.017040998560588227
拼命,0.017040998560588227
人命,0.017040998560588227
乖乖,0.017040998560588227
面具,0.017040998560588227
季军,0.017040998560588227
爆发性,0.017040998560588227
易得,0.017040998560588227
迷茫,0.017040998560588227
占星,0.017040998560588227
收益,0.017040998560588227
强迫症,0.017040998560588227
保守,0.017040998560588227
多想,0.017040998560588227
天庭,0.017040998560588227
义气,0.017040998560588227
陷入,0.017040998560588227
日至,0.017040998560588227
撒谎,0.017040998560588227
上升,0.017040998560588227
忠诚,0.017040998560588227
发火,0.017040998560588227
不错,0.016470654049823404
女生,0.016470654049823404
回头,0.014993635557268861
拒绝,0.014993635557268861
纪念,0.014993635557268861
调理,0.014993635557268861
交往,0.014993635557268861
第十,0.014993635557268861
很快,0.014993635557268861
外貌,0.014993635557268861
聪明,0.014890324995089889
熟悉,0.014777182693754965
耳朵,0.014777182693754965
结婚,0.014777182693754965
创意,0.014388932384877939
离开,0.014388932384877939
可惜,0.014388932384877939
天生,0.014388932384877939
热情,0.014388932384877939
幸运,0.014124919898877627
面前,0.013173292870333439
寻找,0.013173292870333439
小心,0.013173292870333439
小事,0.013173292870333439
重视,0.013173292870333439
小小,0.013173292870333439
在心,0.013173292870333439
相爱,0.013173292870333439
子男,0.013049583116128461
热内,0.013049583116128461
年份,0.013049583116128461
子平,0.013049583116128461
起名,0.013049583116128461
违背,0.013049583116128461
高涨,0.013049583116128461
发财,0.013049583116128461
预言,0.013049583116128461
魔羯,0.013049583116128461
装糊涂,0.013049583116128461
南美,0.013049583116128461
怪癖,0.013049583116128461
晴天,0.013049583116128461
土星,0.013049583116128461
傲慢,0.013049583116128461
曾写,0.013049583116128461
相看,0.013049583116128461
多情,0.013049583116128461
水晶,0.013049583116128461
不济,0.013049583116128461
知心,0.013049583116128461
仕途,0.013049583116128461
够朋友,0.013049583116128461
七名,0.013049583116128461
我行我素,0.013049583116128461
血型,0.013049583116128461
求爱,0.013049583116128461
受骗,0.013049583116128461
艳遇,0.013049583116128461
峇里,0.013049583116128461
好心肠,0.013049583116128461
强则更,0.013049583116128461
万到,0.013049583116128461
深沉,0.013049583116128461
斯丹,0.013049583116128461
顺畅,0.013049583116128461
聪慧,0.013049583116128461
六名,0.013049583116128461
旅游地,0.013049583116128461
做作,0.013049583116128461
作恶,0.013049583116128461
敏锐,0.013049583116128461
距离感,0.013049583116128461
太极,0.013049583116128461
大点,0.013049583116128461
桑妮,0.013049583116128461
文化名人,0.013049583116128461
恋家,0.013049583116128461
心狠,0.013049583116128461
波动,0.013049583116128461
店面,0.013049583116128461
冷酷,0.013049583116128461
关睢尔,0.013049583116128461
李雲,0.013049583116128461
天塔,0.013049583116128461
不许,0.013049583116128461
优点,0.013049583116128461
畅通,0.013049583116128461
南非,0.013049583116128461
十二月,0.013049583116128461
不中,0.013049583116128461
起名公司,0.013049583116128461
怪胎,0.013049583116128461
回报,0.013049583116128461
生命线,0.013049583116128461
记仇,0.013049583116128461
流出,0.013049583116128461
日通,0.013049583116128461
少时,0.013049583116128461
天秤女,0.013049583116128461
撒泼,0.013049583116128461
巴不得,0.013049583116128461
嘻嘻哈哈,0.013049583116128461
老易,0.013049583116128461
黄历,0.013049583116128461
尼泊尔,0.013049583116128461
杂谈,0.013049583116128461
逛街,0.013049583116128461
乘风,0.013049583116128461
要面子,0.013049583116128461
惹火,0.013049583116128461
迹象,0.013049583116128461
付钱,0.013049583116128461
罗牌一,0.013049583116128461
看风水,0.013049583116128461
考研,0.013049583116128461
月薪,0.013049583116128461
房产,0.013049583116128461
观察力,0.013049583116128461
当当,0.013049583116128461
天气预报,0.013049583116128461
根基,0.013049583116128461
受过,0.013049583116128461
地王,0.013049583116128461
抠门,0.013049583116128461
边际,0.013049583116128461
天王星,0.013049583116128461
神经质,0.013049583116128461
彭祖百,0.013049583116128461
本事,0.013049583116128461
来得,0.013049583116128461
印绶,0.013049583116128461
关门,0.013049583116128461
嗜好,0.013049583116128461
霍里,0.013049583116128461
刑克,0.013049583116128461
伤感,0.013049583116128461
张家界,0.013049583116128461
驯服,0.013049583116128461
木星,0.013049583116128461
难熬,0.013049583116128461
保护色,0.013049583116128461
小气,0.013049583116128461
发泄,0.013049583116128461
迟钝,0.013049583116128461
吉相,0.013049583116128461
高傲,0.013049583116128461
要死,0.013049583116128461
冷起来,0.013049583116128461
顺风,0.013049583116128461
女男,0.013049583116128461
从命,0.013049583116128461
超灵,0.013049583116128461
阿根廷,0.013049583116128461
不变,0.013049583116128461
火冒三丈,0.013049583116128461
三才,0.013049583116128461
女女,0.013049583116128461
周运,0.013049583116128461
花痴,0.013049583116128461
热恋,0.013049583116128461
讲清,0.013049583116128461
星象,0.013049583116128461
耳根子,0.013049583116128461
阿姆,0.013049583116128461
耕牛,0.013049583116128461
解惑,0.013049583116128461
行星,0.013049583116128461
钱财,0.013049583116128461
投资项目,0.013049583116128461
情書,0.013049583116128461
棋盘,0.013049583116128461
鹊桥,0.013049583116128461
射手女,0.013049583116128461
乐天派,0.013049583116128461
記得,0.013049583116128461
關係,0.013049583116128461
交流型,0.013049583116128461
掉泪,0.013049583116128461
冷落,0.013049583116128461
太极图,0.013049583116128461
开运,0.013049583116128461
坦率,0.013049583116128461
泛泛之交,0.013049583116128461
顾家,0.013049583116128461
水土,0.013049583116128461
相助,0.013049583116128461
情愿,0.013049583116128461
羊男,0.013049583116128461
严峻,0.013049583116128461
茶楼,0.013049583116128461
问题,0.012223098618696722
改变,0.0118095639709889
不值,0.011742310147417374
不理,0.011742310147417374
清醒,0.011742310147417374
爱人,0.011742310147417374
收入,0.011742310147417374
叛逆,0.011742310147417374
用情,0.011742310147417374
富贵,0.011742310147417374
孝顺,0.011742310147417374
咨询,0.011742310147417374
机遇,0.011742310147417374
欺骗,0.011742310147417374
解释,0.011742310147417374
不在乎,0.011742310147417374
困惑,0.011742310147417374
客厅,0.011742310147417374
成就,0.011742310147417374
素质,0.011742310147417374
亚军,0.011742310147417374
流年,0.011742310147417374
打扰,0.011742310147417374
相亲,0.011742310147417374
父母,0.011427462591302492
关系,0.011427462591302492
珍惜,0.011298836967519531
兴趣,0.011298836967519531
放不下,0.011105530674988063
有所,0.011105530674988063
好运,0.011105530674988063
原谅,0.011105530674988063
单身,0.011105530674988063
伴侣,0.011105530674988063
整体,0.011105530674988063
体现,0.011105530674988063
职场,0.011105530674988063
旅游,0.011105530674988063
成熟,0.010898909550630128
我喜欢,0.010898909550630128
想着,0.010898909550630128
办法,0.010898909550630128
不想,0.01038832997816106
承认,0.00981584646804354
没事,0.00981584646804354
投稿,0.00981584646804354
细腻,0.00981584646804354
情感,0.00981584646804354
家庭,0.00981584646804354
理解,0.008086141451098492
导致,0.008086141451098492
赚钱,0.007982830888919528
心思,0.007982830888919528
疾病,0.007982830888919528
忽略,0.007982830888919528
富有,0.007982830888919528
许会,0.007982830888919528
火爆,0.007982830888919528
吃醋,0.007982830888919528
弥补,0.007982830888919528
精准,0.007982830888919528
近期,0.007982830888919528
缘分,0.007982830888919528
易学,0.007982830888919528
吵架,0.007982830888919528
耐心,0.007982830888919528
撒娇,0.007982830888919528
类型,0.007982830888919528
暗恋,0.007982830888919528
照顾,0.007928717673041059
出生,0.007928717673041059
难得,0.007928717673041059
暴力,0.007928717673041059
行动,0.007928717673041059
尊重,0.007928717673041059
讲究,0.007928717673041059
面子,0.007928717673041059
手指,0.007928717673041059
流泪,0.007928717673041059
深圳,0.007928717673041059
物质,0.007928717673041059
擅长,0.007928717673041059
影响,0.00778411741212889
自由,0.007592085266594916
机会,0.007148473892154392
郑重,0.007010804668349333
内敛,0.007010804668349333
疏远,0.007010804668349333
单身者,0.007010804668349333
深交,0.007010804668349333
冷战,0.007010804668349333
迷糊,0.007010804668349333
上当,0.007010804668349333
多事,0.007010804668349333
理智,0.007010804668349333
多云,0.007010804668349333
看不起,0.007010804668349333
密语,0.007010804668349333
新娘,0.007010804668349333
歇斯底里,0.007010804668349333
坚硬,0.007010804668349333
福气,0.007010804668349333
住宅,0.007010804668349333
常少,0.007010804668349333
鱼儿,0.007010804668349333
遭受,0.007010804668349333
新郎,0.007010804668349333
收敛,0.007010804668349333
看穿,0.007010804668349333
来临,0.007010804668349333
有点儿,0.007010804668349333
到新,0.007010804668349333
伤疤,0.007010804668349333
神算,0.007010804668349333
轨迹,0.007010804668349333
波折,0.007010804668349333
规律,0.007010804668349333
打交道,0.007010804668349333
钱包,0.007010804668349333
情不自禁,0.007010804668349333
男性,0.007010804668349333
率高,0.007010804668349333
明朗,0.007010804668349333
高调,0.007010804668349333
爱恨,0.007010804668349333
吸引力,0.007010804668349333
走动,0.007010804668349333
精明,0.007010804668349333
淑女,0.007010804668349333
加倍,0.007010804668349333
小资,0.007010804668349333
随和,0.007010804668349333
打滚,0.007010804668349333
不宜,0.007010804668349333
预报,0.007010804668349333
总体,0.007010804668349333
劫难,0.007010804668349333
人玩,0.007010804668349333
善解人意,0.007010804668349333
退出,0.007010804668349333
酒吧,0.007010804668349333
矜持,0.007010804668349333
郁闷,0.007010804668349333
善于,0.007010804668349333
子来,0.007010804668349333
热心,0.007010804668349333
友谊,0.007010804668349333
多远,0.007010804668349333
瓶子,0.007010804668349333
有事,0.007010804668349333
其实不然,0.007010804668349333
逞强,0.007010804668349333
好心情,0.007010804668349333
投资,0.007010804668349333
抓紧,0.007010804668349333
发点,0.007010804668349333
知己,0.007010804668349333
博客,0.007010804668349333
年初,0.007010804668349333
虚荣,0.007010804668349333
迁就,0.007010804668349333
达成,0.007010804668349333
手掌,0.007010804668349333
被动,0.007010804668349333
真诠,0.007010804668349333
地图,0.007010804668349333
认输,0.007010804668349333
糟糕,0.007010804668349333
可行,0.007010804668349333
好坏,0.007010804668349333
十名,0.007010804668349333
重情,0.007010804668349333
转弯,0.007010804668349333
创业,0.007010804668349333
心软,0.007010804668349333
初学,0.007010804668349333
直觉,0.007010804668349333
出国,0.007010804668349333
清高,0.007010804668349333
不够,0.006907494106170365
老板,0.006907494106170365
柔软,0.006907494106170365
空间,0.006907494106170365
新浪,0.006907494106170365
产生,0.006907494106170365
霸道,0.006907494106170365
出现,0.005747813176360747
完美,0.005594777199209559
明显,0.005242760551209142
目标,0.005242760551209142
事物,0.005242760551209142
月份,0.005242760551209142
一面,0.005242760551209142
眼泪,0.005242760551209142
明白,0.005242760551209142
家人,0.005242760551209142
奇怪,0.005242760551209142
不易,0.005242760551209142
舒服,0.005242760551209142
走进,0.005242760551209142
长大,0.005179904846096716
气质,0.005179904846096716
最爱,0.005179904846096716
同事,0.00506675222720893
激情,0.00506675222720893
预约,0.00506675222720893
讲道,0.00506675222720893
公司,0.00506675222720893
实际,0.00506675222720893
看法,0.00506675222720893
舍得,0.00506675222720893
伤害,0.00506675222720893
热闹,0.00506675222720893
欲望,0.00506675222720893
能够,0.00475190467109405
意外,0.00434214551504868
运气,0.00434214551504868
程度,0.00434214551504868
眼神,0.00434214551504868
愿意,0.00434214551504868
命运,0.00434214551504868
快乐,0.004041080506264723
过去,0.0038390546515543016
期望,0.0034783457262354284
许就,0.0034783457262354284
需求,0.0034783457262354284
源于,0.0034783457262354284
装修,0.0034783457262354284
疯子,0.0034783457262354284
无情,0.0034783457262354284
会心,0.0034783457262354284
本性,0.0034783457262354284
劳累,0.0034783457262354284
承诺,0.0034783457262354284
护肤,0.0034783457262354284
三个字,0.0034783457262354284
复合,0.0034783457262354284
经意,0.0034783457262354284
人缘,0.0034783457262354284
打乱,0.0034783457262354284
层次,0.0034783457262354284
强求,0.0034783457262354284
走近,0.0034783457262354284
独处,0.0034783457262354284
包容,0.0034783457262354284
许是,0.0034783457262354284
天和,0.0034783457262354284
亲密,0.0034783457262354284
观点,0.0034783457262354284
情商,0.0034783457262354284
包裹,0.0034783457262354284
超能力,0.0034783457262354284
卑微,0.0034783457262354284
古人,0.0034783457262354284
有别,0.0034783457262354284
走开,0.0034783457262354284
手把,0.0034783457262354284
调节,0.0034783457262354284
忘不了,0.0034783457262354284
青春期,0.0034783457262354284
维护,0.0034783457262354284
运营,0.0034783457262354284
居家,0.0034783457262354284
封号,0.0034783457262354284
乔欣,0.0034783457262354284
外壳,0.0034783457262354284
最为,0.0034783457262354284
原理,0.0034783457262354284
立场,0.0034783457262354284
沟通,0.0034783457262354284
天会,0.0034783457262354284
聊聊,0.0034783457262354284
紧密,0.0034783457262354284
中年,0.0034783457262354284
本命,0.0034783457262354284
颧骨,0.0034783457262354284
斗争,0.0034783457262354284
坚定,0.0034783457262354284
适合,0.00324149367069552
理由,0.0029160786617106003
坐在,0.0029160786617106003
调整,0.0029160786617106003
活着,0.0029160786617106003
研究,0.0029160786617106003
等待,0.0029160786617106003
形象,0.002684142475748677
现象,0.002684142475748677
红色,0.002684142475748677
数字,0.002684142475748677
社交,0.002684142475748677
隐藏,0.002684142475748677
半年,0.002684142475748677
男生,0.002684142475748677
平淡,0.002684142475748677
三年,0.002684142475748677
抛弃,0.002684142475748677
西安,0.002684142475748677
算是,0.002684142475748677
总会,0.002684142475748677
方向,0.002684142475748677
乐趣,0.002684142475748677
读书,0.002684142475748677
能力,0.0025756922800645524
可怕,0.0025267186976912336
现实,0.0025267186976912336
女性,0.0020473630033193664
温暖,0.0020473630033193664
愉快,0.0020473630033193664
好好,0.001988333917862905
心情,0.001962539344033996
发生,0.001962539344033996
放弃,0.001962539344033996
计划,0.001962539344033996
发现,0.0015308101924245306
信任,0.0009720262205701994
哈哈大笑,0.0009720262205701994
思念,0.0009720262205701994
要命,0.0009720262205701994
觉醒,0.0009720262205701994
相当,0.0009720262205701994
绝不,0.0009720262205701994
越多,0.0009720262205701994
任性,0.0009720262205701994
伤痛,0.0009720262205701994
目光,0.0009720262205701994
布局,0.0009720262205701994
相同,0.0009720262205701994
均衡,0.0009720262205701994
贴心,0.0009720262205701994
老公,0.0009720262205701994
良好,0.0009720262205701994
想通,0.0009720262205701994
脑子,0.0009720262205701994
迷信,0.0009720262205701994
抵抗力,0.0009720262205701994
您好,0.0009720262205701994
鼻梁,0.0009720262205701994
不安,0.0009720262205701994
爱好,0.0009720262205701994
客气,0.0009720262205701994
摔倒,0.0009720262205701994
繁华,0.0009720262205701994
向往,0.0009720262205701994
分离,0.0009720262205701994
遗忘,0.0009720262205701994
误解,0.0009720262205701994
生意,0.0009720262205701994
沙发,0.0009720262205701994
世间,0.0009720262205701994
聊天,0.0009720262205701994
出行,0.0009720262205701994
当做,0.0009720262205701994
经营,0.0009720262205701994
限制,0.0009720262205701994
到家,0.0009720262205701994
不当,0.0009720262205701994
做成,0.0009720262205701994
真挚,0.0009720262205701994
有意,0.0009720262205701994
第九,0.0009720262205701994
相信,0.0009336871203750548
接触,0.0008637997888132521
很大,0.0008637997888132521
确定,0.0008637997888132521
经历,0.0008637997888132521
懂得,0.0008637997888132521
失去,0.0008637997888132521
以为,0.0007351741650302915
强势,0.0006696746343747388
周五,0.0006696746343747388
周六,0.0006696746343747388
放在,0.0006696746343747388
是非,0.0006696746343747388
远离,0.0006696746343747388
拥抱,0.0006696746343747388
协会,0.0006696746343747388
夫妻,0.0006696746343747388
绝望,0.0006696746343747388
想起,0.0006696746343747388
不清,0.0006696746343747388
低头,0.0006696746343747388
意义,0.0006696746343747388
热爱,0.0006696746343747388
强烈,0.0006696746343747388
摄影师,0.0006696746343747388
比较,0.0004013122278265947
一生,8.602403651368543e-05
值得,8.602403651368543e-05
文章,8.602403651368543e-05
犹疑,0.0
第三者,0.0
红利,0.0
大运,0.0
隆咚,0.0
家居装饰,0.0
天象,0.0
长进,0.0
星座运程,0.0
阿峰,0.0
藤蔓,0.0
頻道,0.0
借口,0.0
比率,0.0
日久生情,0.0
定向,0.0
采买,0.0
探病,0.0
內在,0.0
龙来,0.0
房內,0.0
路都好,0.0
利之,0.0
升值,0.0
细心,0.0
方心,0.0
蒙混,0.0
上心,0.0
臭屁,0.0
管着,0.0
高更,0.0
六亲,0.0
应光,0.0
无形,0.0
小病,0.0
分出,0.0
谄媚,0.0
官逢身,0.0
深奥,0.0
寄托,0.0
上司,0.0
得开,0.0
建房,0.0
外阴,0.0
易成,0.0
急病,0.0
文星,0.0
子人,0.0
管太紧,0.0
三宫,0.0
凶宅,0.0
阳刚之气,0.0
紧握,0.0
留神,0.0
卫生间,0.0
求医,0.0
高阔者,0.0
含蓄,0.0
好办,0.0
情事,0.0
人行道,0.0
开店,0.0
變通,0.0
二月,0.0
金匮,0.0
矛盾体,0.0
个人空间,0.0
勇于,0.0
财宝,0.0
高雅,0.0
夹紧,0.0
腰包,0.0
語氣,0.0
人格,0.0
巨蟹女,0.0
交合,0.0
赠予,0.0
货色,0.0
认准,0.0
保有,0.0
灰烬,0.0
外语,0.0
屈能伸,0.0
学术研究,0.0
强悍,0.0
東西,0.0
无极,0.0
涨势,0.0
利名,0.0
炮友,0.0
墙面,0.0
慎密,0.0
开点,0.0
小浪,0.0
无神,0.0
源遠流長,0.0
有效率,0.0
豆腐心,0.0
平平,0.0
瑕疵,0.0
选购,0.0
来信,0.0
赖床,0.0
月相,0.0
白目,0.0
事项,0.0
心想事成,0.0
强者,0.0
田野,0.0
何通,0.0
生男,0.0
放宽,0.0
充当,0.0
严苛,0.0
悲凉,0.0
袒露,0.0
多吉,0.0
易生,0.0
河水,0.0
准头,0.0
慌忙,0.0
先賢,0.0
于钱,0.0
先驰,0.0
十一月,0.0
笨笨,0.0
姻缘,0.0
张起,0.0
主见,0.0
罗网,0.0
吉祥物,0.0
啜泣,0.0
金生亥,0.0
守财,0.0
互为,0.0
路比,0.0
纵容,0.0
倾听,0.0
翻倍,0.0
爱慕,0.0
吓跑,0.0
祖坟,0.0
万一也,0.0
驿马,0.0
生活费,0.0
金刚石,0.0
小心眼,0.0
搞清楚,0.0
高冷且,0.0
对立,0.0
铃声,0.0
官乡福,0.0
肉球,0.0
競爭,0.0
刀断,0.0
满坐,0.0
嗜睡,0.0
金系,0.0
异议,0.0
妙不可言,0.0
死理,0.0
咬人,0.0
相合,0.0
学说,0.0
撇开,0.0
舒适感,0.0
易忘东,0.0
多字,0.0
运来,0.0
王健林,0.0
光顾,0.0
耽搁,0.0
人定,0.0
施主,0.0
短长,0.0
纳采,0.0
外部,0.0
生女,0.0
柔顺,0.0
旺福,0.0
盘算,0.0
运出,0.0
缺陷,0.0
烟雨红尘,0.0
兴起,0.0
形势,0.0
官运,0.0
精读,0.0
权衡,0.0
好少,0.0
心直口快,0.0
超时,0.0
佣金,0.0
扬州,0.0
请客,0.0
诚实,0.0
前嫌,0.0
吉林省,0.0
海王星,0.0
正值,0.0
理中,0.0
应起来,0.0
留学生活,0.0
漕河泾,0.0
闪躲,0.0
欺诈,0.0
壁挂,0.0
钱却,0.0
入宅,0.0
羞怯,0.0
牡羊座,0.0
尊卑,0.0
换算,0.0
八字算命,0.0
医疗保险,0.0
尊严感,0.0
成家,0.0
未婚,0.0
练就,0.0
身弱,0.0
量化,0.0
易友,0.0
一無是處,0.0
专横,0.0
多疑,0.0
仓库,0.0
游散,0.0
无成,0.0
力求,0.0
职权,0.0
贪心,0.0
无路,0.0
捉摸,0.0
後學,0.0
手足,0.0
拨开,0.0
鼻型,0.0
讶异,0.0
官怕遇,0.0
图画,0.0
不同以往,0.0
共性,0.0
鱼缸,0.0
飘浮,0.0
高阔,0.0
水口,0.0
礼貌,0.0
讲讲话,0.0
约见,0.0
实用主义,0.0
同樣,0.0
旺相,0.0
官位,0.0
典范,0.0
旺盛,0.0
理发,0.0
金融,0.0
惊诧,0.0
甜头,0.0
勤勉,0.0
樣子,0.0
尔开,0.0
遗失,0.0
星期日,0.0
之命,0.0
自负,0.0
不可不,0.0
轉變,0.0
老好人,0.0
自成,0.0
方舟,0.0
求职,0.0
狩猎,0.0
大吉,0.0
重于,0.0
逍遥,0.0
法人,0.0
正印,0.0
挑衅,0.0
左一,0.0
隐患,0.0
承受力,0.0
三角,0.0
必清,0.0
理人,0.0
创造力,0.0
理财,0.0
高朋,0.0
依赖感,0.0
管理学,0.0
破绽,0.0
金簿金,0.0
地支,0.0
父辈,0.0
常爱玩,0.0
概率,0.0
结合体,0.0
龙逢兔,0.0
不灵,0.0
应向,0.0
月入,0.0
可言,0.0
预料,0.0
庇护,0.0
顯示,0.0
余地,0.0
师长,0.0
改观,0.0
福禄,0.0
支线,0.0
自尊心,0.0
肠胃病,0.0
物像,0.0
折断,0.0
和睦,0.0
次要,0.0
记事,0.0
老油子,0.0
品质保证,0.0
冷外热,0.0
年收入,0.0
研究成果,0.0
各种高,0.0
满型,0.0
宗師,0.0
带子,0.0
会演,0.0
规劝,0.0
本特,0.0
农家,0.0
放养,0.0
牵绊,0.0
星宿,0.0
条理,0.0
文静,0.0
潜力,0.0
白虎,0.0
敢言,0.0
易友们,0.0
孤傲,0.0
才俊,0.0
潛意識,0.0
何时该,0.0
萌芽,0.0
搬家,0.0
特特特,0.0
用水,0.0
两面,0.0
乾造,0.0
第六感,0.0
相通,0.0
完美主义,0.0
奇门,0.0
問題,0.0
情緒化,0.0
对头,0.0
印本,0.0
恰当,0.0
优缺点,0.0
横肉,0.0
慢半拍,0.0
家庭生活,0.0
三思,0.0
谦让,0.0
星座排行,0.0
時間,0.0
上部,0.0
合一,0.0
阳历,0.0
極端,0.0
败坏,0.0
许离,0.0
余事,0.0
狀態,0.0
多重,0.0
晚辈,0.0
温婉,0.0
赞赏,0.0
古义,0.0
危执位,0.0
轉動,0.0
木生,0.0
生性,0.0
望都,0.0
不仁,0.0
损友,0.0
锅巴,0.0
施舍,0.0
高人一等,0.0
移徙,0.0
在生,0.0
勾曲无,0.0
利国,0.0
当心,0.0
失衡,0.0
中招,0.0
应一句,0.0
心寒,0.0
重要文件,0.0
言語,0.0
水管,0.0
亏待,0.0
顾客,0.0
沈汀洁,0.0
言于表,0.0
顾虑,0.0
呼朋引伴,0.0
过人,0.0
第一印象,0.0
戌日,0.0
冷傲,0.0
敌视,0.0
句式,0.0
窗户,0.0
言出必行,0.0
支柱,0.0
受限,0.0
申诉,0.0
立业,0.0
生米,0.0
购房,0.0
氣定神閒,0.0
再审,0.0
随行,0.0
透支,0.0
合婚,0.0
良机,0.0
靜靜,0.0
升迁,0.0
低压,0.0
成双,0.0
高利,0.0
迷津,0.0
相生,0.0
语气,0.0
到点,0.0
简讯,0.0
小算盘,0.0
进程,0.0
重心,0.0
任何可,0.0
严密,0.0
要得,0.0
缔造,0.0
财丁,0.0
名牌,0.0
本命年,0.0
整齐,0.0
理想化,0.0
成吉宅,0.0
和蔼,0.0
你死我活,0.0
祖业,0.0
三思而行,0.0
提议,0.0
来水,0.0
业主,0.0
里得,0.0
蓝颜,0.0
最重,0.0
輩出,0.0
请教,0.0
生时,0.0
天道,0.0
大城市,0.0
犯傻,0.0
郭璞,0.0
何根据,0.0
清贵,0.0
动机,0.0
体谅,0.0
身处,0.0
内情,0.0
底端,0.0
雙子座,0.0
治疗法,0.0
较劲,0.0
泼出去的水,0.0
廿二,0.0
习惯性,0.0
天海,0.0
于感,0.0
条以上,0.0
天容,0.0
桃木,0.0
廿一日,0.0
苦心,0.0
理每一,0.0
裂缝,0.0
户外生活,0.0
充沛,0.0
以為,0.0
人脉,0.0
待人,0.0
生活方式,0.0
知命,0.0
天门,0.0
官鬼朝,0.0
藍圖,0.0
来路,0.0
欲求,0.0
无声,0.0
吃力,0.0
肾亏,0.0
犯上,0.0
伙伴,0.0
厅堂,0.0
养殖,0.0
奉还,0.0
黑白分明,0.0
攻击,0.0
外流,0.0
家宅,0.0
喧哗,0.0
星座配对,0.0
心里话,0.0
大師,0.0
疑心病,0.0
危日,0.0
气死,0.0
评估,0.0
开开,0.0
双丰,0.0
口角,0.0
木土,0.0
阳而,0.0
大厅,0.0
培训学校,0.0
而进,0.0
真龙,0.0
水性,0.0
计数,0.0
内疚,0.0
开拓,0.0
耳骨,0.0
财务,0.0
电击,0.0
三心二意,0.0
主動,0.0
直率,0.0
拍马屁,0.0
对味,0.0
媲美,0.0
图形,0.0
变故,0.0
山根,0.0
新招,0.0
卖掉,0.0
青蛙王子,0.0
蛇头,0.0
交通事故,0.0
圣人,0.0
为伍,0.0
田林,0.0
断语,0.0
一般般,0.0
无用,0.0
明堂,0.0
出师,0.0
举止,0.0
装出,0.0
可采,0.0
万王之王,0.0
股掌,0.0
迎刃而解,0.0
管怎样,0.0
分歧,0.0
崇拜,0.0
家业,0.0
愛情,0.0
交谈,0.0
街景,0.0
讥讽,0.0
大廈,0.0
太容,0.0
支票,0.0
廿三,0.0
太阳时,0.0
跃升,0.0
许想,0.0
喜怒,0.0
幻听,0.0
变为,0.0
回头路,0.0
解也做,0.0
错别字,0.0
博爱,0.0
落寞,0.0
改进,0.0
定数,0.0
三月,0.0
必克,0.0
肢体,0.0
推脱,0.0
珍视,0.0
张接一,0.0
走极端,0.0
理可以,0.0
黄道吉日,0.0
挑毛病,0.0
乐子,0.0
事实上,0.0
疯癫,0.0
话语,0.0
仁者,0.0
星体,0.0
句子,0.0
常常口,0.0
争抢,0.0
曾因,0.0
广陵区,0.0
平运好,0.0
好事多磨,0.0
奇门遁甲,0.0
變少,0.0
风水布局,0.0
吃上,0.0
牡丹花,0.0
强无长,0.0
时见,0.0
主題,0.0
蕴含,0.0
通胜,0.0
夫子,0.0
喜事,0.0
罗星,0.0
層出不窮,0.0
