1728883380,其他组织
1671342103,活跃人士
2122293475,其他组织
1790732412,其他组织
1654739774,其他组织
3168756792,其他组织
1236762247,商业人士
1292808363,媒体
2051680500,其他组织
2405292814,其他组织
3433726324,其他组织
1210055603,其他组织
2489295964,商业人士
1645823934,活跃人士
2968632185,其他组织
1747135734,其他组织
1919205277,民间组织
2090782572,其他组织
1740936973,其他组织
2146897060,活跃人士
1841954395,活跃人士
1219769921,活跃人士
1097670631,其他组织
1476424833,活跃人士
1457530250,其他组织
2244201600,其他组织
1218957517,活跃人士
2013955440,政府机构及人士
1867143567,其他组织
3580816924,其他组织
2151453112,其他组织
3443804904,其他组织
1989660417,媒体人士
1793187350,活跃人士
2027607132,其他组织
3361249084,其他组织
1903831295,活跃人士
2975865402,其他组织
1943212225,其他组织
2268548005,其他组织
1741865482,其他组织
2311036984,其他组织
1930168350,其他组织
2795256542,其他组织
1849195640,其他组织
2978034012,其他组织
2045015522,其他组织
2854959872,其他组织
2909224002,其他组织
2315675234,其他组织
1375064863,活跃人士
1787427565,媒体
1737737970,媒体
2865173110,其他组织
2248803312,其他组织
2682907091,其他组织
1650134725,其他组织
3044269301,其他组织
2986386874,其他组织
2103517912,其他组织
1776080327,其他组织
2023833992,其他组织
1688388457,其他组织
3543581307,活跃人士
1914452112,其他组织
2569271261,活跃人士
1896470271,其他组织
1850988623,其他组织
2559535773,其他组织
1191220232,活跃人士
2275105013,其他组织
1736094940,其他组织
2368600740,其他组织
1236937620,活跃人士
1738434147,活跃人士
2230430333,其他组织
1909380872,其他组织
1236700981,其他组织
1816618865,活跃人士
1776693651,活跃人士
1750270991,活跃人士
2204680447,其他组织
1738286654,其他组织
2423501960,其他组织
2781008950,其他组织
1791109745,其他组织
2001387624,活跃人士
3255033672,其他组织
1762436132,其他组织
1718455577,其他组织
1197931472,活跃人士
1499104401,媒体
1763133130,其他组织
2065467572,其他组织
2406310742,其他组织
2147010860,其他组织
2189637915,其他组织
1812448064,其他组织
1764219785,其他组织
2543638965,其他组织
2677832044,其他组织
2125285213,其他组织
2629702271,其他组织
2217511264,其他组织
2428160385,其他组织
2006705932,其他组织
2750473022,其他组织
2770790410,其他组织
2299502072,其他组织
2155938704,其他组织
1780481403,其他组织
1250041105,媒体人士
1218639357,活跃人士
1791482535,其他组织
2985899834,其他组织
1341175963,活跃人士
1650305567,媒体人士
1649488513,其他组织
1870096635,活跃人士
2110917187,活跃人士
2055599597,其他组织
2034403760,其他组织
1957824067,其他组织
1162709062,其他组织
1900401847,活跃人士
2813715594,其他组织
2328793581,商业人士
2856943142,其他组织
2083972883,其他组织
2726406013,媒体
1821945334,活跃人士
3039961617,其他组织
2050067882,活跃人士
3192229484,其他组织
2175830437,其他组织
3267435454,其他组织
2189743085,媒体
3423866724,活跃人士
2070122193,其他组织
2615632951,其他组织
2301648017,其他组织
2897226987,其他组织
2268012881,其他组织
3224264983,其他组织
3001798125,活跃人士
1821588363,其他组织
1596430121,其他组织
2718913120,其他组织
2798531957,民间组织
1182417191,其他组织
3268850887,活跃人士
3263778332,其他组织
1784839094,活跃人士
2799792052,其他组织
3701659507,其他组织
2930725202,活跃人士
2514690743,媒体人士
1828746125,其他组织
1295070554,其他组织
1909638151,其他组织
1733095707,其他组织
2711388952,其他组织
2051714472,其他组织
3278581564,其他组织
1792539053,其他组织
3302960927,其他组织
1771189807,其他组织
2496497540,其他组织
1747498451,民间组织
2589463190,其他组织
1761690524,其他组织
1971739163,其他组织
2868406147,活跃人士
3716512237,民间组织
1974070297,其他组织
1832725350,活跃人士
2110566853,其他组织
1570009540,其他组织
2192474323,媒体
2210475152,其他组织
2882110552,其他组织
2785096862,其他组织
3025474860,活跃人士
1740289503,其他组织
2132219234,其他组织
1829586063,其他组织
1841881793,其他组织
3199508324,活跃人士
1779682345,其他组织
2261877071,其他组织
2238243622,其他组织
1068248497,媒体人士
1510087120,其他组织
2494015832,其他组织
1649469284,媒体
1746331981,政府机构及人士
2200471301,其他组织
1503319674,民间组织
3140493722,其他组织
1763431284,其他组织
uid,其他
3538755522,其他组织
1991383002,境内机构
1897374435,法律机构及人士
3567405840,其他组织
2187260541,活跃人士
3309204390,其他组织
1730726637,活跃人士
1903755563,活跃人士
1006704227,其他组织
2389412512,其他组织
1832643122,其他组织
2620153803,境内机构
1821819697,其他组织
3513850247,活跃人士
2496434537,其他组织
1769879777,其他组织
1866495031,其他组织
1685328053,其他组织
3559969754,其他组织
2668344644,其他组织
3412876704,其他组织
2134919185,其他组织
2702358001,其他组织
2156294570,其他组织
1779121795,活跃人士
2142312651,其他组织
1929383934,活跃人士
1498855505,其他组织
2832124601,其他组织
2074684137,其他组织
1303379825,媒体人士
1973550741,活跃人士
2129738160,媒体
1782144511,其他组织
1884334303,媒体
2114519124,活跃人士
1949792522,其他组织
2771654304,其他组织
3218154051,活跃人士
3561337423,其他组织
2181354851,其他组织
1768198384,其他组织
2168529064,其他组织
1918418021,其他组织
2357500844,其他组织
2146965345,其他组织
2649384723,活跃人士
2185432195,其他组织
2673174083,其他组织
3170872494,其他组织
1984811071,其他组织
2418724427,其他组织
1760965114,其他组织
1741970752,其他组织
1806112852,其他组织
2505414302,其他组织
1660387637,其他组织
2456439772,其他组织
2050149565,其他组织
2397048744,其他组织
1859422752,其他组织
2906546262,其他组织
2098286930,其他组织
1829158584,活跃人士
1900233657,其他
2587808450,其他组织
2749806782,其他组织
1948984242,其他组织
1629359723,其他组织
3009648340,其他组织
1835579400,活跃人士
3223868842,其他组织
1829680265,其他组织
1832703822,其他组织
2073436657,其他组织
1764544487,其他组织
2975747244,其他组织
2517869177,其他组织
2316082892,活跃人士
1758858773,其他组织
2415396921,其他组织
1975451591,活跃人士
2312721930,其他组织
1262775115,活跃人士
1644881682,其他组织
2510980482,其他组织
1718339353,其他组织
2289122417,媒体人士
1834774161,其他组织
1931232237,其他组织
1649490065,其他组织
1837127137,其他组织
3731593083,其他组织
2249569790,其他组织
1834797297,其他组织
1781955854,其他组织
1494848464,活跃人士
1949287574,其他组织
2028375644,其他组织
1947814984,其他组织
2294173275,其他组织
3224661434,其他组织
2785625352,活跃人士
3563834863,其他组织
1656818114,活跃人士
1679302152,其他组织
2640267837,其他组织
1264775587,活跃人士
1866617515,其他组织
1654696923,其他组织
2101116252,其他组织
2884156344,其他组织
1686085453,境内机构
1661525847,其他组织
2437421643,其他组织
2407164627,其他组织
1746697665,其他组织
3222115830,其他组织
1834706457,其他组织
1789280137,其他组织
2010832710,其他组织
1905632090,其他组织
2975756440,活跃人士
2093494055,其他组织
1737148065,其他组织
1226412221,活跃人士
2241203115,其他组织
2243849024,其他
2084696177,其他组织
1996986411,其他组织
1660815495,其他组织
1697491943,其他组织
2428130575,其他组织
1949261824,其他组织
1767505547,媒体人士
1784261361,民间组织
2421430583,其他组织
2681847263,其他组织
2307724747,其他组织
1888655105,活跃人士
3051998101,其他组织
1768929495,活跃人士
2089004187,其他组织
1737266813,其他组织
1772785672,其他组织
2076922775,其他组织
3727631580,其他组织
2289228625,其他组织
3023503584,其他组织
2679807293,其他组织
2385056494,其他组织
2633437225,其他组织
2943968390,其他组织
3300916952,活跃人士
2426644942,其他组织
1793464881,其他组织
3179706122,其他组织
2862875374,其他组织
2816689867,其他组织
2247895304,其他组织
1766571622,其他组织
1848317585,媒体
2642858984,其他组织
1858319430,其他组织
1948619894,其他组织
3434987894,其他组织
3063296203,其他组织
1935198185,其他组织
2367605662,其他组织
2698604432,其他组织
1582503620,其他组织
1971883945,境内机构
1662459635,其他组织
3237013040,活跃人士
2632738724,其他组织
3270561561,活跃人士
3173663050,其他组织
3059785367,其他组织
2276886594,其他组织
2886498892,其他组织
1271638160,媒体
2675651927,其他组织
1864353197,其他组织
1990883881,媒体
2589432731,其他组织
2550382820,其他组织