篮,1.0
联赛,0.9040079265641078
抢断,0.5714285714285714
盖帽,0.4285714285714286
助攻,0.4281944394725301
球员,0.38095238095238104
比赛,0.35427694787910863
赛季,0.3333333333333334
曼联,0.28571428571428564
精彩视频,0.2539400993609121
周琦,0.23809523809523805
库里,0.23809523809523805
阿森纳,0.23809523809523805
转会,0.23809523809523805
夏季,0.19477717569117628
球衣,0.19047619047619047
科比,0.19047619047619047
高尔夫,0.17198717719244977
球队,0.17198717719244977
球迷,0.17198717719244977
火箭,0.17198717719244977
集锦,0.16289790240379615
欧元,0.14285714285714288
破门,0.14285714285714288
巴萨,0.14285714285714288
中超,0.14285714285714288
扣篮,0.14285714285714288
丁彦雨,0.14285714285714288
梅西,0.14285714285714288
小丁,0.1353861397238669
体育,0.1058791162896614
出场,0.10548418876120239
夺冠,0.10316052587093223
国王,0.09878510225528399
电信,0.09523809523809522
塞梅,0.09523809523809522
后卫,0.09523809523809522
小牛队,0.09523809523809522
主帅,0.09523809523809522
命中率,0.09523809523809522
巡回赛,0.09523809523809522
湖人,0.09523809523809522
维特尔,0.09523809523809522
主场,0.09523809523809522
苏宁,0.09523809523809522
封盖,0.09523809523809522
恒大,0.09523809523809522
勇士,0.07300461117293626
赛事,0.07300461117293626
埃尔,0.06218406478670106
悉尼,0.06218406478670106
小牛,0.06218406478670106
决赛,0.06218406478670106
半决赛,0.06218406478670106
米兰,0.054713061653425085
数据,0.054713061653425085
晋级,0.054713061653425085
绿地,0.04761904761904763
纳瓦斯,0.04761904761904763
奇才,0.04761904761904763
令狐,0.04761904761904763
身价,0.04761904761904763
火箭队,0.04761904761904763
曹阳,0.04761904761904763
彩票,0.04761904761904763
韦德,0.04761904761904763
切尔西,0.04761904761904763
禁区,0.04761904761904763
金州,0.04761904761904763
温网,0.04761904761904763
巴卡,0.04761904761904763
马夏尔,0.04761904761904763
总经理,0.04761904761904763
曼彻斯特,0.04761904761904763
大连女足,0.04761904761904763
天津泰达,0.04761904761904763
诺维茨基,0.04761904761904763
菲卡,0.04761904761904763
热身赛,0.04761904761904763
紫金,0.04761904761904763
鲍尔,0.04761904761904763
全胜,0.04761904761904763
肩头,0.04761904761904763
季前,0.04761904761904763
掘金,0.04761904761904763
点球,0.04761904761904763
桑切斯,0.04761904761904763
无视,0.04761904761904763
末节,0.04761904761904763
朱婷,0.04761904761904763
皇马,0.04761904761904763
进攻,0.04761904761904763
败因,0.04761904761904763
换手,0.04761904761904763
杜兰特,0.04761904761904763
阿尔维斯,0.04761904761904763
跳棋,0.04761904761904763
零距离,0.04761904761904763
申花,0.04761904761904763
内力,0.04761904761904763
女足,0.04761904761904763
蓝豆,0.04761904761904763
李颖评,0.04761904761904763
球星,0.04761904761904763
中国女排,0.04761904761904763
攻击力,0.04761904761904763
费德勒,0.04761904761904763
休斯敦,0.04761904761904763
英超,0.04761904761904763
汉密尔顿,0.04761904761904763
比格,0.04284869647494028
江苏,0.04284869647494028
打球,0.04284869647494028
回顾,0.02893257057107738
团体,0.02893257057107738
对阵,0.02558302731811818
流浪者,0.02558302731811818
德克,0.02558302731811818
适应,0.02558302731811818
好比,0.02558302731811818
写道,0.02558302731811818
打响,0.02558302731811818
泰达,0.02558302731811818
坐镇,0.02558302731811818
迎战,0.02558302731811818
凯文,0.02558302731811818
卡特,0.02558302731811818
英文,0.02558302731811818
击败,0.02558302731811818
榜首,0.02558302731811818
保罗,0.02558302731811818
沃尔,0.02558302731811818
醒醒,0.02558302731811818
永不,0.018489013283740703
俱乐部,0.018489013283740703
约翰,0.012692781776944316
新疆,0.012692781776944316
湖北,0.012692781776944316
新闻发布会,0.012692781776944316
支付,0.012692781776944316
自拍,0.012692781776944316
合同,0.012692781776944316
胜利,0.012692781776944316
双方,0.012692781776944316
一轮,0.009794666023546119
小黄,0.009076676794903522
英国,0.007471003133275993
中央,0.003547007017188727
直播间,0.003547007017188727
终身,0.003547007017188727
初心,0.003547007017188727
洛杉矶,0.003547007017188727
纪录,0.003547007017188727
一日,0.003547007017188727
结束,0.00031390908465611265
交白卷,0.0
沃尔夫斯堡,0.0
益都,0.0
刘沛,0.0
西奇,0.0
奖杯,0.0
雄鹿,0.0
表哥,0.0
巴克,0.0
顾超扑,0.0
三和,0.0
终场,0.0
利索,0.0
雷伊,0.0
少数民族,0.0
空门,0.0
四川队,0.0
维斯,0.0
罗妞,0.0
河南建业,0.0
洛克,0.0
豪斯,0.0
平局,0.0
第一百,0.0
雷亚尔,0.0
库兹,0.0
拉斯维加斯,0.0
谈谈,0.0
拜仁,0.0
蒙特,0.0
尼奥,0.0
西里,0.0
布莱克,0.0
怪异,0.0
子长,0.0
迪亚,0.0
德隆,0.0
传统体育,0.0
小德,0.0
跃马,0.0
勇往直前,0.0
追随,0.0
曼德,0.0
一环,0.0
信条,0.0
罚球,0.0
长人,0.0
周琦夏,0.0
西甲联赛,0.0
苏索,0.0
休斯顿,0.0
里尼奥,0.0
笑傲江湖,0.0
太阳队,0.0
初中生,0.0
汗青,0.0
看球,0.0
昆明,0.0
波尔蒂,0.0
视频集锦,0.0
此役,0.0
体育中心,0.0
恩尼斯,0.0
费莱尼,0.0
刻苦,0.0
凯塔,0.0
山东鲁能,0.0
明尼苏达,0.0
湖人队,0.0
能耐,0.0
马卡报,0.0
哈德森,0.0
莫雷,0.0
伊沃比,0.0
埃雷拉,0.0
古斯塔,0.0
拉奥尼奇,0.0
周伟,0.0
尹东桓,0.0
朱婷并,0.0
骗人,0.0
克莱格,0.0
篮筐,0.0
布鲁,0.0
穆帅么,0.0
利等等,0.0
科斯塔,0.0
泰勒,0.0
加拉塔萨雷,0.0
不败,0.0
篮球场,0.0
霍芬,0.0
传球,0.0
文斯,0.0
安家杰,0.0
吴曦伤,0.0
纪人,0.0
排坛,0.0
相差,0.0
戴尔库,0.0
篮球明星,0.0
老将,0.0
蔡降龙,0.0
保罗还,0.0
苏宁争,0.0
开球,0.0
抱有,0.0
科斯,0.0
奥尼尔,0.0
主教练,0.0
反弹,0.0
查尔斯,0.0
吉鲁,0.0
来就市,0.0
替补,0.0
内蒙古自治区,0.0
兹拉坦,0.0
博格,0.0
华盛顿,0.0
大门,0.0
决胜,0.0
塔潘,0.0
名宿,0.0
普鲁士,0.0
格林,0.0
舞团,0.0
骑士队,0.0
澳门站,0.0
赛一个,0.0
凯尔,0.0
积分榜,0.0
沃特福德,0.0
姆巴佩,0.0
马尔,0.0
女子组,0.0
惜败,0.0
卡里克,0.0
曼城,0.0
尔斯基,0.0
争夺战,0.0
冯亚兰,0.0
上半场,0.0
皮克,0.0
塞尔维,0.0
周琦场,0.0
假面,0.0
费舍尔,0.0
威廉姆斯,0.0
微弱,0.0
头球,0.0
奥多,0.0
分担,0.0
读秒,0.0
特洛伊,0.0
彰显,0.0
工蜂,0.0
伯蒂奇,0.0
上篮,0.0
份曼市,0.0
丁宁,0.0
连胜,0.0
雷阿伦,0.0
战罢,0.0
德比,0.0
华琛南,0.0
斯通,0.0
名人赛,0.0
青海,0.0
马蒂奇,0.0
赛点,0.0
进球,0.0
绝地,0.0
保发,0.0
德安,0.0
战平,0.0
亚特,0.0
吉林,0.0
首场,0.0
希尔,0.0
印有,0.0
圣何塞,0.0
帕莱,0.0
官网→,0.0
打板,0.0
汤汤,0.0
季前赛,0.0
完胜,0.0
山东队,0.0
博努奇,0.0
元老,0.0
上海队,0.0
查洛巴,0.0
迈阿密,0.0
里克,0.0
性质,0.0
阵势,0.0
战绩,0.0
盛赞,0.0
狼队,0.0
女排,0.0
包装工,0.0
平积,0.0
卢卡库,0.0
闯祸,0.0
得奖,0.0
拉卡泽特,0.0
祝好,0.0
补射,0.0
朗佐,0.0
剑术,0.0
魔术师,0.0
违约金,0.0
斗士,0.0
单刀球,0.0
古斯玛,0.0
科斯特洛,0.0
草皮,0.0
六轮,0.0
边锋,0.0
单节,0.0
吉林队,0.0
格拉斯哥,0.0
P.S.,0.0
祖巴茨,0.0
不来梅,0.0
迭戈,0.0
三分球,0.0
丹尼斯,0.0
未进,0.0
丹佛掘金,0.0
克利夫兰,0.0
东尼,0.0
范佩西,0.0
遍地,0.0
鲁能,0.0
效力,0.0
敬意,0.0
浮动,0.0
淘汰赛,0.0
湖北队,0.0
法国国家队,0.0
比赛日,0.0
单手暴,0.0
包夹,0.0
紧急,0.0
孤胆,0.0
半场,0.0
球场,0.0
张伯伦,0.0
布莱恩特,0.0
奥斯,0.0
神户,0.0
刘秋琪,0.0
补强,0.0
以赛亚,0.0
维拉,0.0
昆山,0.0
绝杀,0.0
李宗伟,0.0
维斯特,0.0
荣膺,0.0
菲尔德,0.0
迪马,0.0
斯内德,0.0
全队,0.0
续约,0.0
坐车,0.0
保罗日,0.0
西甲,0.0
精粹,0.0
切尔尼,0.0
较量,0.0
皮纳,0.0
