影片,1.0
敦刻尔克,0.7951495589680937
北美,0.7276480237371326
高分,0.6965612619196871
上映,0.6595287059524056
战争,0.6415131501797622
公映,0.6212971866866219
复仇者,0.5940213027077329
特辑,0.586465038439837
刘亦菲,0.5272079421930331
剧照,0.47636881495998656
三生,0.47636881495998656
纪录片,0.44991698926907114
光州,0.44744481440515027
贝尔,0.44744481440515027
诺兰,0.44744481440515027
电锯,0.44744481440515027
北野武,0.44744481440515027
迪士尼,0.4395935813360356
票房,0.39358122116363353
杨洋,0.36627259148013624
总动员,0.36051862826441433
安娜,0.36051862826441433
惊悚,0.36051862826441433
导演,0.35236054328269506
讲述,0.35236054328269506
三世,0.3461925115587082
小黄,0.3295189969422163
联盟,0.3281442100814568
十里,0.3281442100814568
赛车,0.32676786064893376
人类,0.32470333650014915
将于,0.32470333650014915
海报,0.3218981971596979
曝光,0.3218981971596979
电影院,0.3112244797402111
编剧,0.3112244797402111
司机,0.29143585103670083
在线,0.29143585103670083
角色,0.29143585103670083
黑豹,0.27359244212367845
艺博,0.27359244212367845
鬼魂,0.27359244212367845
双雄,0.27359244212367845
至美,0.27359244212367845
影讯,0.27359244212367845
斯坦,0.27359244212367845
公主,0.26097350491370364
动画短片,0.259954500134234
出租车,0.259954500134234
豆瓣,0.259954500134234
山崎,0.259954500134234
惊魂,0.259954500134234
聚焦,0.25617636800028604
杀青,0.25617636800028604
侦探,0.25617636800028604
丘吉尔,0.25617636800028604
日上,0.2527914417813809
执导,0.2527914417813809
刀手,0.2502682203083373
桃花,0.2403052725857367
动画,0.22758008195127633
消失,0.21835249944963875
热血,0.2074672563252403
军师,0.2074672563252403
短片,0.2074672563252403
治愈,0.2074672563252403
预告,0.2074672563252403
丈夫,0.2074672563252403
童鞋,0.20609090689271722
次元,0.20609090689271722
首映,0.20609090689271722
无限,0.2053699864718476
星星,0.2053699864718476
改编,0.2053699864718476
悟空,0.2053699864718476
孙悟空,0.20112825626036082
变形金刚,0.20112825626036082
憧憬,0.1949752304817226
白夜,0.1931411396195342
倪妮,0.1931411396195342
新片,0.1931411396195342
恐怖片,0.1931411396195342
蜗牛,0.1931411396195342
相声,0.1931411396195342
雷诺,0.1931411396195342
刘德华,0.1931411396195342
感人,0.18666625598294267
蓝光,0.18666625598294267
谋杀案,0.18666625598294267
瑛太,0.18666625598294267
子仁,0.18666625598294267
奥德曼,0.18666625598294267
泰坦尼克号,0.18666625598294267
巩俐,0.18666625598294267
埃德加,0.18666625598294267
配音演员,0.18666625598294267
好莱坞,0.18666625598294267
暗黑,0.18666625598294267
赖特,0.18666625598294267
铭记,0.18666625598294267
韩国电影,0.18666625598294267
华特,0.18666625598294267
侠盗,0.18666625598294267
张震,0.18666625598294267
加里,0.18666625598294267
叔叔,0.18666625598294267
崛起,0.18666625598294267
大业,0.18666625598294267
艾伦,0.18666625598294267
金四福,0.18666625598294267
阿紫,0.18666625598294267
漫画,0.17043470035795857
破坏,0.16724160507316813
护法,0.16724160507316813
看过,0.16724160507316813
配音,0.15939037200405354
预告片,0.15939037200405354
新作,0.15939037200405354
观影,0.15939037200405354
蜘蛛侠,0.14608014452043566
专栏,0.14608014452043566
首相,0.14608014452043566
電影,0.14608014452043566
动画片,0.14608014452043566
战队,0.14608014452043566
精彩视频,0.14608014452043566
饰演,0.13858937166175592
高清,0.13549941424406953
人间,0.13549941424406953
权力,0.13549941424406953
花絮,0.13549941424406953
王子,0.12701595382109596
刘诗诗,0.12701595382109596
金星,0.12632777910483445
建军,0.12632777910483445
更迭,0.12632777910483445
詹姆斯,0.12632777910483445
重温,0.12632777910483445
哪吒,0.12632777910483445
闪光,0.12632777910483445
影业,0.12632777910483445
青禾,0.12632777910483445
小众,0.12632777910483445
隧道,0.12632777910483445
莉莉,0.12632777910483445
盗车,0.12632777910483445
案件,0.12632777910483445
英语,0.12632777910483445
联手,0.11268983711538981
温馨,0.11268983711538981
老人,0.11268983711538981
童年,0.11268983711538981
还原,0.11268983711538981
互联网,0.11268983711538981
香港,0.11200166239912832
英雄,0.11200166239912832
精选,0.11200166239912832
电视剧,0.11124799627365065
英国,0.10690312819505986
发布,0.10182954600907307
诞生,0.10056412813018045
童话,0.10056412813018045
德国,0.10056412813018045
国产,0.10056412813018045
演绎,0.10056412813018045
影后,0.09974006984220678
万茜,0.09974006984220678
刘伟强,0.09974006984220678
小组,0.09974006984220678
福克斯,0.09974006984220678
楚楚,0.09974006984220678
猫和老鼠,0.09974006984220678
后期制作,0.09974006984220678
启示录,0.09974006984220678
阿莫,0.09974006984220678
根儿,0.09974006984220678
轶事,0.09974006984220678
宋康昊,0.09974006984220678
格特,0.09974006984220678
拍成,0.09974006984220678
雅人,0.09974006984220678
杰米,0.09974006984220678
招魂,0.09974006984220678
备受,0.09974006984220678
安东尼,0.09974006984220678
科学化,0.09974006984220678
林嘉欣,0.09974006984220678
插图,0.09974006984220678
爱看,0.09974006984220678
震慑,0.09974006984220678
园林,0.09974006984220678
唐奇,0.09974006984220678
同心,0.09974006984220678
课本,0.09974006984220678
段路,0.09974006984220678
大道理,0.09974006984220678
龙吟,0.09974006984220678
玛雅,0.09974006984220678
梅子,0.09974006984220678
高空,0.09974006984220678
展位,0.09974006984220678
韩雪,0.09974006984220678
扮演者,0.09974006984220678
追杀,0.09974006984220678
见习生,0.09974006984220678
推测,0.09974006984220678
温斯顿,0.09974006984220678
薇薇安,0.09974006984220678
流浪汉,0.09974006984220678
爱丽,0.09974006984220678
奇闻,0.09974006984220678
程序员,0.09974006984220678
深田恭子,0.09974006984220678
大自然,0.09974006984220678
沈炼,0.09974006984220678
马走吧,0.09974006984220678
沙丁鱼,0.09974006984220678
霍伊特,0.09974006984220678
史派西,0.09974006984220678
争霸,0.09974006984220678
童姥,0.09974006984220678
洋介,0.09974006984220678
景色,0.09974006984220678
克里斯托弗,0.09974006984220678
宜家,0.09974006984220678
曾带,0.09974006984220678
美嘉,0.09974006984220678
侦破,0.09974006984220678
艾米,0.09974006984220678
塞缪尔,0.09974006984220678
真人真事,0.09974006984220678
美猴王,0.09974006984220678
彭于晏,0.09974006984220678
汤姆,0.09974006984220678
悬疑片,0.09974006984220678
残障,0.09974006984220678
曼森,0.09974006984220678
操刀,0.09974006984220678
单元,0.09974006984220678
虎啸,0.09974006984220678
蒂莫西,0.09974006984220678
金富善,0.09974006984220678
老爷,0.09974006984220678
殖民地,0.09974006984220678
意涵,0.09974006984220678
科幻,0.09974006984220678
墨菲,0.09974006984220678
魔鬼,0.09974006984220678
配乐,0.09974006984220678
胆大,0.09974006984220678
尤为,0.09974006984220678
派瑞,0.09974006984220678
基里安,0.09974006984220678
裁缝,0.09974006984220678
画魂,0.09974006984220678
麦坤,0.09974006984220678
夏洛特,0.09974006984220678
仙境,0.09974006984220678
发明,0.09974006984220678
孟结,0.09974006984220678
特派,0.09974006984220678
捕获,0.09974006984220678
渺小,0.09974006984220678
吸血鬼,0.09974006984220678
快车,0.09974006984220678
邪教,0.09974006984220678
斗兽,0.09974006984220678
麦卡,0.09974006984220678
张卫健,0.09974006984220678
黄幻,0.09974006984220678
枪战,0.09974006984220678
黄三太,0.09974006984220678
部落,0.09974006984220678
在线观看,0.09974006984220678
缪斯,0.09974006984220678
苏照彬,0.09974006984220678
父爱,0.09974006984220678
小云,0.09974006984220678
目击者,0.09974006984220678
巨浪,0.09974006984220678
中岛,0.09974006984220678
汇成,0.09974006984220678
用意,0.09974006984220678
伍迪,0.09974006984220678
上阵,0.09103203278051057
实验,0.09103203278051057
佳作,0.09103203278051057
机器,0.09103203278051057
评分,0.09103203278051057
纳粹,0.09103203278051057
高中,0.09103203278051057
明年,0.09103203278051057
夫妇,0.08679030256902374
视角,0.08679030256902374
表达,0.08541395313650074
画风,0.07819942817572079
玲珑,0.0666774769429877
真实,0.0666774769429877
种草,0.06598930222672617
顶尖,0.06598930222672617
人鱼,0.06598930222672617
影像,0.06598930222672617
台词,0.06598930222672617
集结,0.06598930222672617
上演,0.06598930222672617
古装,0.06598930222672617
乐园,0.06598930222672617
残忍,0.06598930222672617
影院,0.06598930222672617
对抗,0.06598930222672617
奶爸,0.06598930222672617
告白,0.06598930222672617
形象,0.06562884201629136
暴力,0.06562884201629136
哆啦,0.06490792159542177
少女,0.06466562739984014
拍摄,0.06338645841190059
当红,0.05951441859013465
中美,0.05951441859013465
山田,0.05951441859013465
西游记,0.05951441859013465
新井,0.05951441859013465
银幕,0.05951441859013465
雄一,0.05951441859013465
一幕,0.05951441859013465
袁泉,0.05951441859013465
影视剧,0.05951441859013465
梦花,0.05951441859013465
契合,0.05951441859013465
竞赛,0.05951441859013465
坚决,0.05951441859013465
麻花,0.05951441859013465
杰克,0.05951441859013465
带回,0.05951441859013465
搭载,0.05951441859013465
贤人,0.05951441859013465
眼界,0.05951441859013465
玄幻,0.05951441859013465
凤卿尘,0.05951441859013465
小美,0.05951441859013465
克里斯汀,0.05951441859013465
一书,0.05951441859013465
猫眼,0.05951441859013465
布景,0.05951441859013465
大卫,0.05951441859013465
挺拔,0.05951441859013465
绑架,0.05951441859013465
預告,0.05951441859013465
开战,0.05951441859013465
唐晶,0.05951441859013465
晴雨,0.05951441859013465
空闲,0.05951441859013465
惨案,0.05951441859013465
躁动,0.05951441859013465
领奖,0.05951441859013465
巨人,0.05951441859013465
白浅,0.05951441859013465
浙江,0.05951441859013465
血腥,0.05951441859013465
江口,0.05951441859013465
无厘头,0.05951441859013465
低谷,0.05951441859013465
凯文,0.05951441859013465
艾丽,0.05951441859013465
阿尔,0.05951441859013465
战警,0.05951441859013465
卡特,0.05951441859013465
袭击,0.05951441859013465
不忍,0.05951441859013465
迎战,0.05951441859013465
沉醉,0.05951441859013465
灰姑娘,0.05951441859013465
贝儿,0.05951441859013465
男子汉,0.05951441859013465
死神,0.05951441859013465
影迷,0.05951441859013465
埃尔,0.05951441859013465
上世纪,0.05951441859013465
莉亚,0.05951441859013465
高于,0.05951441859013465
漫画家,0.05951441859013465
雷神,0.05951441859013465
率领,0.05951441859013465
野兽,0.05951441859013465
社团,0.05951441859013465
郑罗茜,0.05951441859013465
严格,0.05951441859013465
马丁,0.05951441859013465
海绵,0.05951441859013465
马丽,0.05951441859013465
哈利,0.05951441859013465
故事,0.05944892718091846
画面,0.05928984195141193
事件,0.05882624387387311
爱上,0.04773708205272365
知识,0.04773708205272365
片段,0.04773708205272365
镜头,0.04773708205272365
作品,0.047318386169952015
演员,0.046564651316951616
加州,0.046564651316951616
登陆,0.046564651316951616
遭遇,0.046564651316951616
女神,0.046564651316951616
进入,0.046564651316951616
到爆,0.046564651316951616
记者,0.046564651316951616
慢慢,0.046564651316951616
创作,0.041737884256307325
地球,0.041737884256307325
美国,0.039732423027306736
挑战,0.038386683711688685
约翰,0.03598392104058539
安徽,0.03598392104058539
吴秀波,0.03598392104058539
郑爽,0.03598392104058539
感触,0.03598392104058539
钢铁,0.03598392104058539
猴子,0.03598392104058539
妻子,0.03598392104058539
华语,0.03598392104058539
大作,0.03598392104058539
马走,0.03598392104058539
入围,0.03598392104058539
刘星怎,0.03598392104058539
人民,0.03598392104058539
原版,0.03598392104058539
贺涵,0.03598392104058539
影视,0.03598392104058539
走过,0.03598392104058539
隔空,0.03598392104058539
差异,0.03598392104058539
福田,0.03598392104058539
爱恋,0.03598392104058539
现身,0.03598392104058539
麦克,0.03598392104058539
小镇,0.03598392104058539
杨幂,0.03598392104058539
艾玛,0.03598392104058539
铁拳,0.03598392104058539
首歌,0.03598392104058539
种子,0.03598392104058539
下集,0.03598392104058539
学科,0.03598392104058539
科学家,0.03598392104058539
尊严,0.03598392104058539
銀魂,0.03598392104058539
美术,0.03598392104058539
火车,0.03598392104058539
柏林,0.03598392104058539
片子,0.03598392104058539
迈克尔,0.03598392104058539
同步,0.03598392104058539
校园,0.03598392104058539
监制,0.03598392104058539
评价,0.032238534611245505
主人,0.032238534611245505
亮相,0.032238534611245505
女儿,0.032238534611245505
创造,0.032238534611245505
凡人,0.03069355590240231
主角,0.03069355590240231
寻找,0.03069355590240231
谈恋爱,0.03069355590240231
抑郁症,0.03069355590240231
精灵,0.03069355590240231
宇宙,0.03069355590240231
回归,0.03069355590240231
世纪,0.03069355590240231
盘点,0.03069355590240231
回顾,0.03069355590240231
大大,0.03069355590240231
一句话,0.03069355590240231
游戏,0.029644920975705966
韩国,0.029644920975705966
兄弟,0.02645182569091552
美丽,0.02645182569091552
时刻,0.02645182569091552
儿子,0.02645182569091552
剧情,0.02645182569091552
学者,0.019288767338062455
雄的,0.019288767338062455
出色,0.019288767338062455
第七,0.019288767338062455
原著,0.019288767338062455
心机,0.019288767338062455
有望,0.019288767338062455
海洋,0.019288767338062455
开展,0.019288767338062455
高难度,0.019288767338062455
冬雨,0.019288767338062455
一山,0.019288767338062455
领衔,0.019288767338062455
仲夏,0.019288767338062455
对比,0.019288767338062455
短短,0.019288767338062455
恐惧,0.019288767338062455
剪辑,0.019288767338062455
谈到,0.019288767338062455
笑死,0.019288767338062455
对决,0.019288767338062455
大气,0.019288767338062455
诠释,0.019288767338062455
仙传,0.019288767338062455
归来,0.019288767338062455
杀手,0.019288767338062455
想念,0.019288767338062455
变换,0.019288767338062455
腾讯,0.018567846917192873
互动,0.018567846917192873
伦敦,0.018567846917192873
娱乐,0.018567846917192873
大片,0.018567846917192873
期待,0.017711042924611165
动作,0.017711042924611165
日记,0.01727473592972653
升级,0.01727473592972653
背景,0.01727473592972653
传奇,0.01727473592972653
暑期,0.01727473592972653
想起,0.01727473592972653
受伤,0.01727473592972653
爱情,0.014822460487852998
简直,0.013386909011476773
值得,0.013386909011476773
沈腾等,0.01281388370147094
全集,0.01281388370147094
考古学,0.01281388370147094
浪荡,0.01281388370147094
八百年,0.01281388370147094
人生地不熟,0.01281388370147094
闯进,0.01281388370147094
授奖,0.01281388370147094
抗争,0.01281388370147094
反响,0.01281388370147094
沒辦法,0.01281388370147094
民乐,0.01281388370147094
闹剧,0.01281388370147094
彭友,0.01281388370147094
影碟,0.01281388370147094
西野,0.01281388370147094
地底,0.01281388370147094
李纯,0.01281388370147094
闭幕,0.01281388370147094
桑迪,0.01281388370147094
斯黛,0.01281388370147094
际会,0.01281388370147094
伦来,0.01281388370147094
恩怨,0.01281388370147094
靠得住,0.01281388370147094
德语,0.01281388370147094
鲍鲸鲸,0.01281388370147094
界面,0.01281388370147094
何要,0.01281388370147094
辛芷蕾,0.01281388370147094
字牌,0.01281388370147094
平实,0.01281388370147094
花咲舞,0.01281388370147094
旗号,0.01281388370147094
迪兰,0.01281388370147094
指定,0.01281388370147094
暴乱,0.01281388370147094
多兰,0.01281388370147094
深深,0.01281388370147094
运动性,0.01281388370147094
災難,0.01281388370147094
唐晶即,0.01281388370147094
狙击,0.01281388370147094
宣言,0.01281388370147094
命案,0.01281388370147094
唤回,0.01281388370147094
卡普里奥,0.01281388370147094
有期,0.01281388370147094
决战,0.01281388370147094
斯蒂芬,0.01281388370147094
银河,0.01281388370147094
细微,0.01281388370147094
鼓鼓掌,0.01281388370147094
未来世界,0.01281388370147094
敏行,0.01281388370147094
安娜贝拉,0.01281388370147094
东岛,0.01281388370147094
伊万,0.01281388370147094
实质,0.01281388370147094
守护者,0.01281388370147094
动画师,0.01281388370147094
斑马,0.01281388370147094
玉皇大帝,0.01281388370147094
爱意,0.01281388370147094
储备,0.01281388370147094
小学英语,0.01281388370147094
首领,0.01281388370147094
尔来,0.01281388370147094
时间与空间,0.01281388370147094
个案,0.01281388370147094
托比,0.01281388370147094
简直甜,0.01281388370147094
警探,0.01281388370147094
历史资料,0.01281388370147094
成龙,0.01281388370147094
阿拉丁,0.01281388370147094
海域,0.01281388370147094
爱河,0.01281388370147094
塞斯,0.01281388370147094
官网均,0.01281388370147094
门德尔,0.01281388370147094
余文,0.01281388370147094
杰西卡,0.01281388370147094
韩立,0.01281388370147094
福克,0.01281388370147094
骑上,0.01281388370147094
星途,0.01281388370147094
南昌起义,0.01281388370147094
翻译官,0.01281388370147094
天翼,0.01281388370147094
余男,0.01281388370147094
黑道,0.01281388370147094
桑德伯格,0.01281388370147094
楚国,0.01281388370147094
桂子,0.01281388370147094
轰动,0.01281388370147094
北条司,0.01281388370147094
运筹,0.01281388370147094
吴宇森,0.01281388370147094
原罪,0.01281388370147094
猛男,0.01281388370147094
积弊,0.01281388370147094
中视,0.01281388370147094
无间道,0.01281388370147094
沦陷,0.01281388370147094
方大,0.01281388370147094
怪物,0.01281388370147094
段我服,0.01281388370147094
佳音,0.01281388370147094
脸相,0.01281388370147094
唐人街,0.01281388370147094
美感,0.01281388370147094
十佳,0.01281388370147094
着魔,0.01281388370147094
探案,0.01281388370147094
名著,0.01281388370147094
康蒂,0.01281388370147094
青涩,0.01281388370147094
删减,0.01281388370147094
市面,0.01281388370147094
纪念性,0.01281388370147094
语法,0.01281388370147094
王彦霖,0.01281388370147094
奋战,0.01281388370147094
六年,0.01281388370147094
金士杰,0.01281388370147094
赖特携,0.01281388370147094
痛彻,0.01281388370147094
琅琊,0.01281388370147094
小子,0.01281388370147094
尸体,0.01281388370147094
曾虐,0.01281388370147094
审判,0.01281388370147094
哈迪,0.01281388370147094
血淋淋,0.01281388370147094
云图,0.01281388370147094
梅德,0.01281388370147094
世相,0.01281388370147094
辞去,0.01281388370147094
常燃,0.01281388370147094
事务所,0.01281388370147094
金子,0.01281388370147094
杨洋或,0.01281388370147094
低龄,0.01281388370147094
李沁楚,0.01281388370147094
格鲁,0.01281388370147094
超重,0.01281388370147094
王沥川,0.01281388370147094
王微,0.01281388370147094
游荡,0.01281388370147094
极富,0.01281388370147094
热巴,0.01281388370147094
歌坛,0.01281388370147094
水帘洞,0.01281388370147094
梅尔,0.01281388370147094
布拉德,0.01281388370147094
弗莱迪,0.01281388370147094
黑社会,0.01281388370147094
擁有,0.01281388370147094
浩大,0.01281388370147094
沾满,0.01281388370147094
擂台赛,0.01281388370147094
漂泊,0.01281388370147094
乔丹,0.01281388370147094
死法,0.01281388370147094
舒淇,0.01281388370147094
橋本,0.01281388370147094
头文字,0.01281388370147094
罗比,0.01281388370147094
业内,0.01281388370147094
吉布森,0.01281388370147094
淳儿即,0.01281388370147094
洛普,0.01281388370147094
铁盒,0.01281388370147094
对敌,0.01281388370147094
常刷屏,0.01281388370147094
廖凡,0.01281388370147094
旅馆,0.01281388370147094
青楼,0.01281388370147094
破壁,0.01281388370147094
结成,0.01281388370147094
本尼,0.01281388370147094
詐騙,0.01281388370147094
西洋乐,0.01281388370147094
怀中,0.01281388370147094
就读,0.01281388370147094
年高,0.01281388370147094
釜山,0.01281388370147094
余年,0.01281388370147094
菜菜子,0.01281388370147094
促成,0.01281388370147094
明星频道,0.01281388370147094
味儿,0.01281388370147094
几千部,0.01281388370147094
立牌,0.01281388370147094
阮经天,0.01281388370147094
凯蒂,0.01281388370147094
送花,0.01281388370147094
青瓦台,0.01281388370147094
钱来做,0.01281388370147094
温情,0.01281388370147094
神安,0.01281388370147094
位列,0.01281388370147094
鲜血,0.01281388370147094
瘫痪,0.01281388370147094
刑讯,0.01281388370147094
建斌,0.01281388370147094
周刊,0.01281388370147094
实地,0.01281388370147094
话剧,0.01281388370147094
通告,0.01281388370147094
站住,0.01281388370147094
影展,0.01281388370147094
導演,0.01281388370147094
片方,0.01281388370147094
玩电脑,0.01281388370147094
纸巾,0.01281388370147094
猎杀,0.01281388370147094
烂醉,0.01281388370147094
黄轩,0.01281388370147094
族群,0.01281388370147094
唇色,0.01281388370147094
扎根,0.01281388370147094
艾格,0.01281388370147094
花木兰,0.01281388370147094
地质,0.01281388370147094
洋桥,0.01281388370147094
钱后,0.01281388370147094
畅销,0.01281388370147094
女性化,0.01281388370147094
徐璐,0.01281388370147094
泪水,0.01281388370147094
曾想,0.01281388370147094
国民党,0.01281388370147094
求见,0.01281388370147094
得水,0.01281388370147094
库拉,0.01281388370147094
凌玲,0.01281388370147094
金爵奖,0.01281388370147094
传奇故事,0.01281388370147094
茶室,0.01281388370147094
士兵,0.01281388370147094
西格曼,0.01281388370147094
返乡,0.01281388370147094
初步,0.01281388370147094
七龙珠,0.01281388370147094
离别,0.01281388370147094
令人瞩目,0.01281388370147094
受害人,0.01281388370147094
海关,0.01281388370147094
表象,0.01281388370147094
杨紫,0.01281388370147094
人形,0.01281388370147094
邮轮,0.01281388370147094
风起,0.01281388370147094
翻越,0.01281388370147094
蓝眸,0.01281388370147094
唾弃,0.01281388370147094
戒严,0.01281388370147094
归纳,0.01281388370147094
展区,0.01281388370147094
曾志伟,0.01281388370147094
铁粉,0.01281388370147094
小三,0.01281388370147094
由来,0.01281388370147094
独角兽,0.01281388370147094
讲卫生,0.01281388370147094
大规模,0.01281388370147094
青年人,0.01281388370147094
成一圈,0.01281388370147094
关停,0.01281388370147094
物业管理,0.01281388370147094
周旋,0.01281388370147094
斯带,0.01281388370147094
尾声,0.01281388370147094
马奎,0.01281388370147094
潘玉良,0.01281388370147094
标杆,0.01281388370147094
近身,0.01281388370147094
托马斯,0.01281388370147094
帕西诺,0.01281388370147094
雀跃,0.01281388370147094
忠爱,0.01281388370147094
代领,0.01281388370147094
壮美,0.01281388370147094
白鹿原,0.01281388370147094
黎姿,0.01281388370147094
钢锯,0.01281388370147094
子真,0.01281388370147094
张彬,0.01281388370147094
巴杜,0.01281388370147094
费劲,0.01281388370147094
周播剧,0.01281388370147094
剧情简介,0.01281388370147094
惠特克,0.01281388370147094
汤老湿,0.01281388370147094
原声,0.01281388370147094
玉木宏,0.01281388370147094
中奇,0.01281388370147094
世界觀,0.01281388370147094
丽姬,0.01281388370147094
高中生,0.01281388370147094
人物造型,0.01281388370147094
扣人心弦,0.01281388370147094
首日,0.01281388370147094
长林,0.01281388370147094
强撩周,0.01281388370147094
扫射,0.01281388370147094
小伙计,0.01281388370147094
西画,0.01281388370147094
西田,0.01281388370147094
逃出去,0.01281388370147094
冷艳,0.01281388370147094
汉姆,0.01281388370147094
恩维,0.01281388370147094
龙王,0.01281388370147094
印第安人,0.01281388370147094
通史,0.01281388370147094
黑色幽默,0.01281388370147094
完小,0.01281388370147094
物料,0.01281388370147094
异样,0.01281388370147094
特丽莎,0.01281388370147094
喷泉,0.01281388370147094
塞尔,0.01281388370147094
欧美影视,0.01281388370147094
感謝,0.01281388370147094
读物,0.01281388370147094
反霸,0.01281388370147094
坠楼,0.01281388370147094
蓝兔七,0.01281388370147094
花月,0.01281388370147094
沉没,0.01281388370147094
于找,0.01281388370147094
打零工,0.01281388370147094
旁白,0.01281388370147094
自然界,0.01281388370147094
欧美电影,0.01281388370147094
电影频道,0.01281388370147094
谢东燊,0.01281388370147094
昭和,0.01281388370147094
个人作品,0.01281388370147094
电影展,0.01281388370147094
演艺圈,0.01281388370147094
长相,0.01281388370147094
朝露,0.01281388370147094
装甲车,0.01281388370147094
皮特,0.01281388370147094
食物链,0.01281388370147094
西宁,0.01281388370147094
小狐,0.01281388370147094
安敢爱,0.01281388370147094
格尼,0.01281388370147094
小区,0.01281388370147094
触礁,0.01281388370147094
实景,0.01281388370147094
授予,0.01281388370147094
抢眼,0.01281388370147094
大友,0.01281388370147094
国庆,0.01281388370147094
阶层,0.01281388370147094
金猪,0.01281388370147094
彭昱畅,0.01281388370147094
心系,0.01281388370147094
识字,0.01281388370147094
帮派,0.01281388370147094
诗词,0.01281388370147094
同来,0.01281388370147094
档期,0.01281388370147094
黑木,0.01281388370147094
贺涵绝,0.01281388370147094
冷锋,0.01281388370147094
美男子,0.01281388370147094
嬷嬷,0.01281388370147094
尝鲜,0.01281388370147094
餐馆,0.01281388370147094
福里斯特,0.01281388370147094
史诗,0.01281388370147094
婉约,0.01281388370147094
千奇百怪,0.01281388370147094
坦言,0.01281388370147094
真愛,0.01281388370147094
盗贼,0.01281388370147094
二宫,0.01281388370147094
宝莲灯,0.01281388370147094
退到,0.01281388370147094
难忘瞬间,0.01281388370147094
王家卫,0.01281388370147094
三葉,0.01281388370147094
黑子,0.01281388370147094
戏剧,0.01281388370147094
万斋,0.01281388370147094
焦俊艳,0.01281388370147094
横行,0.01281388370147094
抵御,0.01281388370147094
消瘦,0.01281388370147094
炽热,0.01281388370147094
挤满,0.01281388370147094
大圣,0.01281388370147094
内核,0.01281388370147094
无下,0.01281388370147094
云龙,0.01281388370147094
横扫,0.01281388370147094
暴风雨,0.01281388370147094
偏见,0.01281388370147094
狂风,0.01281388370147094
让步,0.01281388370147094
谈起,0.01281388370147094
等高,0.01281388370147094
独家专访,0.01281388370147094
雄心勃勃,0.01281388370147094
福就日,0.01281388370147094
荒野,0.01281388370147094
老兵,0.01281388370147094
搏杀,0.01281388370147094
星球大战,0.01281388370147094
张译,0.01281388370147094
不省人事,0.01281388370147094
硬货,0.01281388370147094
野村,0.01281388370147094
俘虏,0.01281388370147094
張震,0.01281388370147094
罗素,0.01281388370147094
斋藤,0.01281388370147094
变迁,0.01281388370147094
人妻,0.01281388370147094
刁民,0.01281388370147094
血脉,0.01281388370147094
执行官,0.01281388370147094
恢弘,0.01281388370147094
博得,0.01281388370147094
单词,0.01281388370147094
洼田,0.01281388370147094
直言,0.01281388370147094
阿加莎,0.01281388370147094
饰演者,0.01281388370147094
场所,0.01281388370147094
总督,0.01281388370147094
植物学,0.01281388370147094
看电影,0.01281388370147094
小晴,0.01281388370147094
网球赛,0.01281388370147094
汤加,0.01281388370147094
轩辕剑,0.01281388370147094
此景,0.01281388370147094
指甲刀,0.01281388370147094
幸免,0.01281388370147094
动作片,0.01281388370147094
站方,0.01281388370147094
好兄弟,0.01281388370147094
奥斯卡,0.01281388370147094
风火轮,0.01281388370147094
克莱默,0.01281388370147094
片名,0.01281388370147094
常受,0.01281388370147094
工程学,0.01281388370147094
威胁,0.01281388370147094
喜剧片,0.01281388370147094
流动,0.01281388370147094
大油,0.01281388370147094
熔炉,0.01281388370147094
风云,0.01281388370147094
亲切,0.01281388370147094
不愧为,0.01281388370147094
胡子,0.01281388370147094
重影,0.01281388370147094
背靠,0.01281388370147094
红蓝,0.01281388370147094
海特,0.01281388370147094
新奇,0.01281388370147094
死活,0.01281388370147094
尔冬,0.01281388370147094
甜酒,0.01281388370147094
时尚品牌,0.01281388370147094
鬼才,0.01281388370147094
欧美大片,0.01281388370147094
五家,0.01281388370147094
硝烟,0.01281388370147094
易忘词,0.01281388370147094
小戏,0.01281388370147094
乔传,0.01281388370147094
米小玥,0.01281388370147094
海盗,0.01281388370147094
侯孝贤,0.01281388370147094
魏大勋,0.01281388370147094
张国,0.01281388370147094
林遣都,0.01281388370147094
白城,0.01281388370147094
阿月,0.01281388370147094
宫崎,0.01281388370147094
面世,0.01281388370147094
揭幕,0.01281388370147094
大刀,0.01281388370147094
华生,0.01281388370147094
摩尔,0.01281388370147094
莱昂纳,0.01281388370147094
超炫,0.01281388370147094
杀人案,0.01281388370147094
马一下,0.01281388370147094
朴烈,0.01281388370147094
张极清,0.01281388370147094
玛格,0.01281388370147094
实战,0.01281388370147094
霍兰,0.01281388370147094
马三立,0.01281388370147094
陈惊,0.01281388370147094
四国,0.01281388370147094
虚构,0.01281388370147094
公营,0.01281388370147094
璀璨,0.01281388370147094
广播,0.01281388370147094
机枪,0.01281388370147094
匠人,0.01281388370147094
普通话,0.01281388370147094
赛制,0.01281388370147094
九州,0.01281388370147094
斯以及,0.01281388370147094
父王,0.01281388370147094
数目,0.01281388370147094
斯科特,0.01281388370147094
潘赞化,0.01281388370147094
一代人,0.01281388370147094
冬夜,0.01281388370147094
手艺活,0.01281388370147094
芬妮,0.01281388370147094
路阳,0.01281388370147094
贝特曼,0.01281388370147094
新业务,0.01281388370147094
入伍,0.01281388370147094
皮草,0.01281388370147094
前场,0.01281388370147094
麻衣,0.01281388370147094
贝拉,0.01281388370147094
松岛,0.01281388370147094
小金,0.01281388370147094
刘星,0.01281388370147094
雄霸,0.01281388370147094
格雷斯,0.01281388370147094
刘涛狂,0.01281388370147094
彼得,0.01281388370147094
亚人,0.01281388370147094
战役,0.01281388370147094
壮观,0.01281388370147094
凶手,0.01281388370147094
回购,0.01281388370147094
届奥斯卡,0.01281388370147094
于她开,0.01281388370147094
找寻,0.01281388370147094
井冈山会师,0.01281388370147094
诙谐,0.01281388370147094
公示,0.01281388370147094
橡皮擦,0.01281388370147094
格雷格,0.01281388370147094
风土,0.01281388370147094
辛格,0.01281388370147094
白石,0.01281388370147094
费贪腐,0.01281388370147094
林依晨,0.01281388370147094
强制,0.01281388370147094
开局,0.01281388370147094
多尼,0.01281388370147094
帝陵,0.01281388370147094
于忘词,0.01281388370147094
灌篮,0.01281388370147094
莉莎,0.01281388370147094
安塞尔,0.01281388370147094
清夜,0.01281388370147094
三河坝,0.01281388370147094
张震杨,0.01281388370147094
心狠手辣,0.01281388370147094
马来,0.01281388370147094
分给,0.01281388370147094
回旋,0.01281388370147094
白雪公主,0.01281388370147094
院线,0.01281388370147094
偏远,0.01281388370147094
简直每,0.01281388370147094
布朗宁,0.01281388370147094
范宁,0.01281388370147094
科幻片,0.01281388370147094
上场,0.01281388370147094
麦宿君,0.01281388370147094
史诗剧,0.01281388370147094
子健,0.01281388370147094
捧场,0.01281388370147094
政变,0.01281388370147094
颜控,0.01281388370147094
休斯,0.01281388370147094
电影网站,0.01281388370147094
总汇,0.01281388370147094
保洁,0.01281388370147094
侍女,0.01281388370147094
不錯,0.01281388370147094
刀社,0.01281388370147094
可亲可敬,0.01281388370147094
感覺到,0.01281388370147094
纪等,0.01281388370147094
皮克斯,0.01281388370147094
采购员,0.01281388370147094
徐徐,0.01281388370147094
皮塔,0.01281388370147094
改编权,0.01281388370147094
共创,0.01281388370147094
巴士,0.01281388370147094
大乐,0.01281388370147094
秋天,0.01281388370147094
维克,0.01281388370147094
斯曼,0.01281388370147094
小葵,0.01281388370147094
自导,0.01281388370147094
朱莉安,0.01281388370147094
巨制,0.01281388370147094
来电,0.01281388370147094
规定,0.01281388370147094
众星,0.01281388370147094
窝点,0.01281388370147094
吴京,0.01281388370147094
變得,0.01281388370147094
周星驰,0.01281388370147094
大森,0.01281388370147094
敲定,0.01281388370147094
新西兰,0.01281388370147094
总统,0.01281388370147094
冯德伦,0.01281388370147094
可下,0.01281388370147094
诸神,0.01281388370147094
有生之年,0.01281388370147094
性工作者,0.01281388370147094
卢戈,0.01281388370147094
华谊,0.01281388370147094
张抖森,0.01281388370147094
故事背景,0.01281388370147094
公职,0.01281388370147094
专业人员,0.01281388370147094
护卫队,0.01281388370147094
游走,0.01281388370147094
关晓彤,0.01281388370147094
广电总局,0.01281388370147094
牛顿,0.01281388370147094
中云,0.01281388370147094
集体主义,0.01281388370147094
电影史,0.01281388370147094
抢夺,0.01281388370147094
皮埃尔,0.01281388370147094
小李,0.01281388370147094
沈腾再,0.01281388370147094
弗里曼,0.01281388370147094
颜值要,0.01281388370147094
杀害,0.01281388370147094
查德,0.01281388370147094
宝嘉,0.01281388370147094
岩田,0.01281388370147094
多诺万,0.01281388370147094
布莱恩,0.01281388370147094
买下,0.01281388370147094
薇薇,0.01281388370147094
王冉,0.01281388370147094
血战,0.01281388370147094
杨祐宁,0.01281388370147094
小太陽,0.01281388370147094
冈萨雷,0.01281388370147094
讹人,0.01281388370147094
精通,0.01281388370147094
全国,0.012623903710175754
美女,0.012623903710175754
包括,0.012623903710175754
正式,0.008683861536423549
合集,0.008683861536423549
季节,0.006339000064879425
唯美,0.006339000064879425
平衡,0.006339000064879425
上去,0.006339000064879425
娱乐圈,0.006339000064879425
执着,0.006339000064879425
男孩,0.006339000064879425
美妙,0.006339000064879425
小说,0.006339000064879425
烟火,0.006339000064879425
无敌,0.006339000064879425
小腿,0.006339000064879425
切都,0.006339000064879425
火星,0.006339000064879425
中文,0.006339000064879425
欢乐,0.006339000064879425
做梦,0.006339000064879425
和谐,0.006339000064879425
樱花,0.006339000064879425
前来,0.006339000064879425
摄影,0.006339000064879425
来回,0.006339000064879425
绘画,0.006339000064879425
和平,0.006339000064879425
组织,0.006339000064879425
题材,0.006339000064879425
励志,0.006339000064879425
公布,0.006339000064879425
动人,0.006339000064879425
正是,0.006339000064879425
家族,0.006339000064879425
过瘾,0.006339000064879425
儿女,0.006339000064879425
甜蜜,0.006339000064879425
阶段,0.006339000064879425
体会,0.005650825348617922
半生,0.005650825348617922
台湾,0.005650825348617922
活着,0.005650825348617922
记录,0.005650825348617922
黑暗,0.005650825348617922
明星,0.0
