专辑,1.0
周杰伦,0.6575949846513693
演唱会,0.5781982406592346
歌声,0.4993012117353348
禹智皓,0.43308364006216393
单曲,0.4315674847727345
田馥甄,0.3976760488230828
新歌,0.3912799727135458
林俊杰,0.3722574718608441
金曲,0.3622684575840017
吉他,0.3268608663449205
歌手,0.29616746845003733
试听,0.2560456838667581
导师,0.24493541441302305
乐队,0.24185752582305348
陈奕迅,0.24185752582305348
摇滚,0.24185752582305348
古典音乐,0.22063809262767692
汪爱东,0.22063809262767692
莫扎特,0.22063809262767692
李宇春,0.21943481150064145
发行,0.21943481150064145
刘欢,0.21772036836713157
首歌,0.19701209717822935
主唱,0.19050532232124012
杰伦,0.19050532232124012
戴荃,0.18523050138859568
厂牌,0.18523050138859568
那英,0.15216666853340519
斑鸠,0.15216666853340519
小提琴,0.14982291014951452
音樂,0.14982291014951452
乐棒,0.14982291014951452
林宥嘉,0.14982291014951452
张靓颖,0.14982291014951452
许嵩,0.14982291014951452
奔向,0.14982291014951452
邓紫棋,0.14982291014951452
金属,0.14398746162842377
好听,0.1435469835047765
演绎,0.1435469835047765
编曲,0.13607523022945722
一首,0.13523428884678773
歌曲,0.13322818985173898
听听,0.12974395421099313
华语,0.12974395421099313
旋律,0.12974395421099313
伊丽,0.1144153189104333
油管,0.1144153189104333
二重奏,0.1144153189104333
权志龙,0.1144153189104333
吉他手,0.1144153189104333
沙沙,0.1144153189104333
弹唱,0.1144153189104333
乐器,0.1144153189104333
鼓手,0.1144153189104333
音乐教育,0.1144153189104333
舞曲,0.1144153189104333
唱片,0.1144153189104333
周笔畅,0.10886018418356579
助阵,0.10886018418356579
女声,0.10886018418356579
嗓音,0.10886018418356579
用尽,0.10886018418356579
古典,0.10732123988858101
易烊千,0.10594245992302041
悟空,0.10085647611710952
大叔,0.0968670456221144
春风,0.08748058665876504
后援会,0.0869199590703187
情歌,0.08489852556616895
作曲,0.08489852556616895
华晨,0.08489852556616895
李健,0.08489852556616895
开场,0.08489852556616895
电子,0.08489852556616895
歌词,0.08489852556616895
双胞胎,0.08164513813767434
沧海,0.08164513813767434
张杰,0.08164513813767434
歌迷会,0.08164513813767434
王力宏,0.08164513813767434
乐坛,0.08164513813767434
排行榜,0.08164513813767434
演唱會,0.07900772767135211
乌兰,0.07900772767135211
民谣,0.07900772767135211
流行音乐,0.07900772767135211
张学友,0.07900772767135211
古筝,0.07900772767135211
星晴,0.07900772767135211
遗作,0.07900772767135211
透漏,0.07900772767135211
图雅,0.07900772767135211
幻境,0.07900772767135211
陈梓童,0.07900772767135211
协奏曲,0.07900772767135211
医神,0.07900772767135211
内页,0.07900772767135211
乐界,0.07900772767135211
鼓棒,0.07900772767135211
苏阳,0.07900772767135211
大音,0.07900772767135211
说唱,0.07900772767135211
伦日,0.07900772767135211
公转,0.07900772767135211
伴奏,0.07900772767135211
自转,0.07900772767135211
曲目,0.07900772767135211
回归,0.07239613785866487
热爱,0.07205062728851322
十里,0.07109549627238552
男孩,0.07109549627238552
正版,0.07109549627238552
爆料,0.07109549627238552
女儿,0.07025455488971605
周杰,0.06789745821761702
达人,0.06789745821761702
联手,0.06789745821761702
草原,0.06789745821761702
年底,0.062475811243756875
慵懒,0.062475811243756875
神曲,0.062475811243756875
艺人,0.062475811243756875
怀孕,0.05816596872944253
德国,0.05816596872944253
天后,0.05816596872944253
我爱你,0.05816596872944253
亚洲,0.05772549060579525
雅诗兰黛,0.05443009209178288
歌单,0.05443009209178288
背包,0.05443009209178288
插曲,0.05443009209178288
开唱,0.05443009209178288
出道,0.05443009209178288
老爷子,0.05443009209178288
动感,0.05443009209178288
制作人,0.05443009209178288
乐团,0.05443009209178288
在即,0.05443009209178288
飞舞,0.05443009209178288
粤语,0.05443009209178288
大牌,0.05443009209178288
周董,0.05443009209178288
学员,0.048874957364915324
一山,0.048874957364915324
天王,0.048874957364915324
发布,0.048666905479103566
购买,0.048594643570692174
流行,0.048287653200052294
强势,0.047234208954912045
英国,0.04651786069281629
封面,0.04393579960022021
深情,0.04393579960022021
欧美,0.04393579960022021
麦粒,0.04360013643227093
音乐频道,0.04360013643227093
石寅,0.04360013643227093
顶美区,0.04360013643227093
录音室,0.04360013643227093
乐童,0.04360013643227093
曲子,0.04360013643227093
情思,0.04360013643227093
经典老歌,0.04360013643227093
小调,0.04360013643227093
愛人,0.04360013643227093
小提琴家,0.04360013643227093
广州站,0.04360013643227093
宋宋,0.04360013643227093
山丹丹,0.04360013643227093
艾薇儿,0.04360013643227093
在线试听,0.04360013643227093
破局,0.04360013643227093
混音,0.04360013643227093
戴佩妮,0.04360013643227093
随笔,0.04360013643227093
音源,0.04360013643227093
田丁,0.04360013643227093
L.A.,0.04360013643227093
音域,0.04360013643227093
乐见,0.04360013643227093
簡單,0.04360013643227093
开花,0.04360013643227093
吕剧,0.04360013643227093
缩写,0.04360013643227093
会展中心,0.04360013643227093
天涯,0.04360013643227093
巴赫,0.04360013643227093
前列,0.04360013643227093
蒙古,0.04360013643227093
曾想躺,0.04360013643227093
退票,0.04360013643227093
老外,0.04360013643227093
超神,0.04360013643227093
庞龙,0.04360013643227093
林俊傑,0.04360013643227093
专柜,0.04360013643227093
伦桑,0.04360013643227093
开票,0.04360013643227093
蔡健雅,0.04360013643227093
手稿,0.04360013643227093
曲调,0.04360013643227093
白雪,0.04360013643227093
郭頂,0.04360013643227093
过把瘾,0.04360013643227093
花錢,0.04360013643227093
应援服,0.04360013643227093
婚宴,0.04360013643227093
韦礼安,0.04360013643227093
最新专辑,0.04360013643227093
刘文天,0.04360013643227093
乐堡开,0.04360013643227093
官方版,0.04360013643227093
阿福,0.04360013643227093
经纪,0.04360013643227093
音乐吧,0.04360013643227093
歌神,0.04360013643227093
吉列,0.04360013643227093
登台,0.04360013643227093
机构,0.04360013643227093
侯明昊,0.04360013643227093
入会,0.04360013643227093
瑞典,0.04360013643227093
西语,0.04360013643227093
组建,0.04360013643227093
小小孩,0.04360013643227093
李玟,0.04360013643227093
卡带,0.04360013643227093
少有,0.04360013643227093
电音,0.04360013643227093
正式版,0.04360013643227093
探路者,0.04360013643227093
摇滚音乐,0.04360013643227093
主流,0.04360013643227093
含泪,0.04360013643227093
传达,0.04360013643227093
四座,0.04360013643227093
录像带,0.04360013643227093
张北,0.04360013643227093
官方,0.043445367560564226
小黄,0.0402355775318819
西方,0.04005309692134478
透露,0.04005309692134478
限量,0.04005309692134478
复古,0.04005309692134478
想法,0.04005309692134478
代表作,0.04005309692134478
北京站,0.04005309692134478
会员,0.04005309692134478
登顶,0.04005309692134478
薛之谦,0.03832531549962655
资讯,0.03776468791118022
拍摄,0.03388381331654003
冬雨,0.029852456512213625
新作,0.029852456512213625
片头曲,0.029852456512213625
收官,0.029852456512213625
滑板,0.029852456512213625
打动,0.029852456512213625
诠释,0.029852456512213625
召唤,0.029852456512213625
晚报,0.029852456512213625
主题曲,0.02970563047099788
媒体,0.02970563047099788
花絮,0.02970563047099788
成员,0.02970563047099788
创作,0.029411978388566344
耳朵,0.029411978388566344
节奏,0.029411978388566344
今晚,0.028792241703004092
苏打,0.027215046045891447
跨界,0.027215046045891447
棺材,0.027215046045891447
炸鸡,0.027215046045891447
鱼翅,0.027215046045891447
战胜,0.027215046045891447
派对,0.027215046045891447
做客,0.027215046045891447
主导,0.027215046045891447
仙草,0.027215046045891447
错失,0.027215046045891447
四射,0.027215046045891447
黄家,0.027215046045891447
经纪人,0.027215046045891447
梦见,0.027215046045891447
领养,0.027215046045891447
效应,0.027215046045891447
原曲,0.027215046045891447
所長,0.027215046045891447
月光,0.027215046045891447
浙江卫视,0.027215046045891447
才华,0.027215046045891447
陳奕迅,0.027215046045891447
尔斯,0.027215046045891447
印地,0.027215046045891447
巨人,0.027215046045891447
悠扬,0.027215046045891447
音乐人,0.027215046045891447
所属,0.027215046045891447
周年纪念,0.027215046045891447
闪光,0.027215046045891447
安老,0.027215046045891447
奥体中心,0.027215046045891447
重组,0.027215046045891447
德克,0.027215046045891447
常州,0.027215046045891447
退款,0.027215046045891447
儿歌,0.027215046045891447
竞猜,0.027215046045891447
山本,0.027215046045891447
转自,0.027215046045891447
承德,0.027215046045891447
串烧,0.027215046045891447
化作,0.027215046045891447
明瞭,0.027215046045891447
预热,0.027215046045891447
国风,0.027215046045891447
巨星,0.027215046045891447
活跃,0.027215046045891447
尹柯,0.027215046045891447
翻译,0.022417790621310888
宣传,0.022417790621310888
作品,0.022247243478627526
声音,0.022247243478627526
唯美,0.02194022511324704
组合,0.02194022511324704
大使,0.02194022511324704
贴吧,0.02194022511324704
全能,0.02194022511324704
活力,0.02194022511324704
网易,0.02194022511324704
中都,0.02194022511324704
嘻哈,0.02194022511324704
密码,0.02194022511324704
舞台,0.02194022511324704
听到,0.019974140982823387
结合,0.019974140982823387
合作,0.01915725766382774
美国,0.01915725766382774
交织,0.017630382598932712
律动,0.017630382598932712
看点,0.017630382598932712
裤子,0.017630382598932712
荷兰,0.017630382598932712
节目组,0.017630382598932712
空灵,0.017630382598932712
极光,0.017630382598932712
签到,0.017630382598932712
马来西亚,0.017630382598932712
乡村,0.017630382598932712
影视,0.017630382598932712
一流,0.017630382598932712
和音,0.017630382598932712
认证,0.017630382598932712
自拍,0.017630382598932712
黑人,0.017630382598932712
人身,0.017630382598932712
产后,0.017630382598932712
团购,0.017630382598932712
纳粹,0.017630382598932712
倒车,0.017630382598932712
哈尔滨,0.017630382598932712
盒子,0.017630382598932712
作词,0.017630382598932712
刘涛,0.017630382598932712
考验,0.017630382598932712
带上,0.017630382598932712
成绩,0.017630382598932712
拍卖,0.017630382598932712
空档,0.017630382598932712
欢快,0.017630382598932712
自学,0.017630382598932712
门票,0.017630382598932712
线索,0.017630382598932712
人民币,0.017630382598932712
丘吉尔,0.017630382598932712
艾美奖,0.017630382598932712
泡沫,0.017630382598932712
青年,0.016104776592156336
台湾,0.016104776592156336
实力,0.016104776592156336
写真,0.016104776592156336
社交,0.015475461341775545
清晨,0.015475461341775545
一声,0.015475461341775545
一代,0.015475461341775545
发表,0.015475461341775545
甜美,0.015475461341775545
元素,0.015475461341775545
平台,0.01518120211798195
最新,0.01504832150633662
全新,0.01504832150633662
粉丝,0.014941593690216897
热门,0.014941593690216897
流量,0.013747679920057303
录制,0.01351752686239621
发微,0.010829955659511939
外国,0.010829955659511939
跳舞,0.010829955659511939
周四,0.010829955659511939
忧伤,0.010829955659511939
环节,0.010829955659511939
大开,0.010829955659511939
剪辑,0.010829955659511939
男声,0.010829955659511939
迷你,0.010829955659511939
谈到,0.010829955659511939
特效,0.010829955659511939
购票,0.010829955659511939
精美,0.010829955659511939
纪念,0.010829955659511939
旗下,0.010829955659511939
堪称,0.010829955659511939
束缚,0.010829955659511939
体育场,0.010829955659511939
乐园,0.010829955659511939
未知,0.010829955659511939
思念,0.010829955659511939
执导,0.010829955659511939
杂志,0.010829955659511939
清澈,0.010829955659511939
真挚,0.010829955659511939
第九,0.010829955659511939
历史,0.010536303577080424
辛苦,0.010536303577080424
说出,0.010536303577080424
十足,0.010536303577080424
成都,0.010536303577080424
第二,0.010187302120922793
年度,0.010009581454510301
传奇,0.010009581454510301
开口,0.010009581454510301
舞蹈,0.010009581454510301
版本,0.009010697570304035
基伯格,0.008192545193189744
纷乱,0.008192545193189744
范玮琪,0.008192545193189744
十世纪,0.008192545193189744
冷玩粉,0.008192545193189744
超帥,0.008192545193189744
音符,0.008192545193189744
企划,0.008192545193189744
音乐厅,0.008192545193189744
何景扬,0.008192545193189744
路旁,0.008192545193189744
高居,0.008192545193189744
届格莱美,0.008192545193189744
狂奔,0.008192545193189744
萧邦,0.008192545193189744
拖鞋,0.008192545193189744
乐事,0.008192545193189744
些微,0.008192545193189744
重量級,0.008192545193189744
济南,0.008192545193189744
大熊,0.008192545193189744
靶子,0.008192545193189744
幽居,0.008192545193189744
合唱团,0.008192545193189744
张瑜纹,0.008192545193189744
金韩彬,0.008192545193189744
决绝,0.008192545193189744
细致入微,0.008192545193189744
贤惠,0.008192545193189744
成团,0.008192545193189744
手写,0.008192545193189744
倾注,0.008192545193189744
动容,0.008192545193189744
夏夜,0.008192545193189744
忽視,0.008192545193189744
鼓点,0.008192545193189744
全团,0.008192545193189744
乐章,0.008192545193189744
芭蕾舞,0.008192545193189744
加精,0.008192545193189744
爱乐乐团,0.008192545193189744
昂丝,0.008192545193189744
程天禹,0.008192545193189744
小红,0.008192545193189744
质量高,0.008192545193189744
报社,0.008192545193189744
资源站,0.008192545193189744
自传,0.008192545193189744
成沙,0.008192545193189744
谷主,0.008192545193189744
板砖,0.008192545193189744
学友,0.008192545193189744
满脑梦,0.008192545193189744
高蹈,0.008192545193189744
罗德里,0.008192545193189744
穷人,0.008192545193189744
字样,0.008192545193189744
集资,0.008192545193189744
叶世荣,0.008192545193189744
蔓延,0.008192545193189744
兼得,0.008192545193189744
飘荡,0.008192545193189744
弥散,0.008192545193189744
成都站,0.008192545193189744
请来,0.008192545193189744
抨击,0.008192545193189744
输入,0.008192545193189744
刘海伦,0.008192545193189744
马棚,0.008192545193189744
飞驰,0.008192545193189744
徐筠轩,0.008192545193189744
成功学,0.008192545193189744
贝斯,0.008192545193189744
争气,0.008192545193189744
绚烂,0.008192545193189744
长胖,0.008192545193189744
头顶,0.008192545193189744
关八,0.008192545193189744
光照,0.008192545193189744
玄武湖,0.008192545193189744
烟鬼,0.008192545193189744
雇佣兵,0.008192545193189744
路精效,0.008192545193189744
彷佛,0.008192545193189744
最后一秒,0.008192545193189744
师范大学,0.008192545193189744
秘籍,0.008192545193189744
作曲者,0.008192545193189744
阿凡,0.008192545193189744
鲜事,0.008192545193189744
流金,0.008192545193189744
挥动,0.008192545193189744
凡心,0.008192545193189744
滴落,0.008192545193189744
乐声,0.008192545193189744
上海站,0.008192545193189744
弹奏,0.008192545193189744
协定,0.008192545193189744
场馆,0.008192545193189744
车马,0.008192545193189744
精湛,0.008192545193189744
摄制组,0.008192545193189744
就任,0.008192545193189744
李大,0.008192545193189744
多米尼加,0.008192545193189744
济南站,0.008192545193189744
知恩,0.008192545193189744
综艺馆,0.008192545193189744
回响,0.008192545193189744
相望,0.008192545193189744
徐烁瑜,0.008192545193189744
毒枭,0.008192545193189744
蒙特斯,0.008192545193189744
已故,0.008192545193189744
曼舞,0.008192545193189744
音感,0.008192545193189744
正太,0.008192545193189744
欧美歌曲,0.008192545193189744
轉自,0.008192545193189744
網路,0.008192545193189744
愛樂,0.008192545193189744
浮士德,0.008192545193189744
定级,0.008192545193189744
塞巴斯蒂安,0.008192545193189744
浮想,0.008192545193189744
安叔帅,0.008192545193189744
译成,0.008192545193189744
神气,0.008192545193189744
往日,0.008192545193189744
异域风情,0.008192545193189744
利苑,0.008192545193189744
右耳,0.008192545193189744
行天,0.008192545193189744
天高,0.008192545193189744
贵阳,0.008192545193189744
罗马柱,0.008192545193189744
于李遇,0.008192545193189744
作曲编曲,0.008192545193189744
贷款,0.008192545193189744
独奏,0.008192545193189744
爵士鼓,0.008192545193189744
高质量,0.008192545193189744
伦胖,0.008192545193189744
启明,0.008192545193189744
乐迷,0.008192545193189744
皇冠,0.008192545193189744
大胡子,0.008192545193189744
可说是,0.008192545193189744
台灣,0.008192545193189744
文案,0.008192545193189744
敢当,0.008192545193189744
斯特拉迪瓦里,0.008192545193189744
倡导,0.008192545193189744
火色,0.008192545193189744
空传,0.008192545193189744
华山,0.008192545193189744
牧歌,0.008192545193189744
黄致列,0.008192545193189744
叶山拓,0.008192545193189744
強檔,0.008192545193189744
歌名,0.008192545193189744
理我,0.008192545193189744
失效,0.008192545193189744
备注,0.008192545193189744
神奇动物,0.008192545193189744
动听,0.008192545193189744
音乐家,0.008192545193189744
文格,0.008192545193189744
國際,0.008192545193189744
绿洲,0.008192545193189744
太原站,0.008192545193189744
麦克疯,0.008192545193189744
女歌手,0.008192545193189744
今晨,0.008192545193189744
华金,0.008192545193189744
押韵,0.008192545193189744
身影,0.008192545193189744
音乐盛典,0.008192545193189744
阿荣,0.008192545193189744
最全面,0.008192545193189744
石爸个,0.008192545193189744
分成,0.008192545193189744
褒扬,0.008192545193189744
雨霏,0.008192545193189744
認識,0.008192545193189744
大理,0.008192545193189744
对焦,0.008192545193189744
拚命,0.008192545193189744
海心,0.008192545193189744
褒义词,0.008192545193189744
收件,0.008192545193189744
曼妙,0.008192545193189744
封版,0.008192545193189744
精良,0.008192545193189744
机率,0.008192545193189744
诗歌,0.008192545193189744
更换,0.008192545193189744
金志妍,0.008192545193189744
终身大事,0.008192545193189744
零点乐队,0.008192545193189744
R.I.P,0.008192545193189744
冲向,0.008192545193189744
云榜,0.008192545193189744
飞鸟,0.008192545193189744
碧草,0.008192545193189744
怪人,0.008192545193189744
欧美音乐,0.008192545193189744
官微,0.008192545193189744
眼力,0.008192545193189744
化身成,0.008192545193189744
兼备,0.008192545193189744
彩排,0.008192545193189744
冯建,0.008192545193189744
周天澈,0.008192545193189744
点点滴滴,0.008192545193189744
与您相约,0.008192545193189744
劳力士,0.008192545193189744
皮亚,0.008192545193189744
重金属,0.008192545193189744
鲜场,0.008192545193189744
买票,0.008192545193189744
参演,0.008192545193189744
圣地亚哥,0.008192545193189744
统筹,0.008192545193189744
另类,0.008192545193189744
天公,0.008192545193189744
樊帆,0.008192545193189744
主题音乐,0.008192545193189744
缺如,0.008192545193189744
上官,0.008192545193189744
常有人,0.008192545193189744
万芳舟,0.008192545193189744
手下,0.008192545193189744
安东尼奥,0.008192545193189744
蹦跳,0.008192545193189744
新世代,0.008192545193189744
广泛,0.008192545193189744
朗朗上口,0.008192545193189744
左耳,0.008192545193189744
公演,0.008192545193189744
唱响,0.008192545193189744
唐元琦,0.008192545193189744
打架,0.008192545193189744
逝世,0.008192545193189744
谢帝,0.008192545193189744
导演组,0.008192545193189744
电吉他,0.008192545193189744
丁日,0.008192545193189744
浮世,0.008192545193189744
心房,0.008192545193189744
飞行员,0.008192545193189744
全铜,0.008192545193189744
离骚,0.008192545193189744
赫特,0.008192545193189744
新图,0.008192545193189744
博带,0.008192545193189744
猛鬼,0.008192545193189744
李艺彤,0.008192545193189744
格莱美,0.008192545193189744
重担,0.008192545193189744
旗袍,0.008192545193189744
飞翔,0.008192545193189744
吉他谱,0.008192545193189744
才艺,0.008192545193189744
毕竟可,0.008192545193189744
颜值双,0.008192545193189744
飘渺,0.008192545193189744
沉沦,0.008192545193189744
纪念碑,0.008192545193189744
玩意儿,0.008192545193189744
刘增艳,0.008192545193189744
歌友会,0.008192545193189744
钱雷,0.008192545193189744
郑州,0.008192545193189744
斯克,0.008192545193189744
谭伊哲,0.008192545193189744
金阳,0.008192545193189744
艳阳天,0.008192545193189744
职业病,0.008192545193189744
载入,0.008192545193189744
石头,0.008192545193189744
唱詞,0.008192545193189744
稍后,0.008192545193189744
尘缘,0.008192545193189744
金光,0.008192545193189744
李建衡,0.008192545193189744
和声,0.008192545193189744
神殿,0.008192545193189744
喜多,0.008192545193189744
出票,0.008192545193189744
鲜吗,0.008192545193189744
记取,0.008192545193189744
首诗,0.008192545193189744
时分,0.008192545193189744
正视,0.008192545193189744
香烟,0.008192545193189744
干净整洁,0.008192545193189744
佐拉,0.008192545193189744
预习,0.008192545193189744
译文,0.008192545193189744
名额有限,0.008192545193189744
钱婆榜,0.008192545193189744
炫目,0.008192545193189744
唱片公司,0.008192545193189744
节期,0.008192545193189744
路转粉,0.008192545193189744
颁奖典礼,0.008192545193189744
李玟與,0.008192545193189744
周峻辉,0.008192545193189744
三立,0.008192545193189744
李遇,0.008192545193189744
上东,0.008192545193189744
回弹,0.008192545193189744
电影原声,0.008192545193189744
重金,0.008192545193189744
伦昆凌,0.008192545193189744
中放,0.008192545193189744
珍爱,0.008192545193189744
叙述,0.008192545193189744
灵动,0.008192545193189744
帖子,0.008192545193189744
张自己,0.008192545193189744
大好,0.008192545193189744
界限,0.008192545193189744
正剧,0.008192545193189744
钱式洗,0.008192545193189744
李健搁,0.008192545193189744
心安理得,0.008192545193189744
电影电视,0.008192545193189744
徽章,0.008192545193189744
阵线,0.008192545193189744
杨宗纬,0.008192545193189744
钱妞,0.008192545193189744
李焯雄,0.008192545193189744
版纸,0.008192545193189744
烁烁,0.008192545193189744
文学界,0.008192545193189744
宇新,0.008192545193189744
饱含,0.008192545193189744
火葬场,0.008192545193189744
英文歌曲,0.008192545193189744
高请,0.008192545193189744
渭南,0.008192545193189744
昼夜,0.008192545193189744
底色,0.008192545193189744
为首,0.008192545193189744
小周,0.008192545193189744
连特么,0.008192545193189744
狮吼,0.008192545193189744
归于,0.008192545193189744
劉家,0.008192545193189744
垦丁,0.008192545193189744
向阳处,0.008192545193189744
吉它,0.008192545193189744
柔声,0.008192545193189744
多首,0.008192545193189744
声电,0.008192545193189744
腔调,0.008192545193189744
辛迪,0.008192545193189744
一瞬,0.008192545193189744
團隊,0.008192545193189744
录音,0.008192545193189744
篇章,0.008192545193189744
石爸自,0.008192545193189744
张惠妹,0.008192545193189744
虚幻,0.008192545193189744
相融合,0.008192545193189744
聽見,0.008192545193189744
星海,0.008192545193189744
簪缨,0.008192545193189744
態度,0.008192545193189744
突击,0.008192545193189744
常叹,0.008192545193189744
贝司,0.008192545193189744
纪念册,0.008192545193189744
鬼怪,0.008192545193189744
气球,0.008192545193189744
灯光,0.008192545193189744
范特,0.008192545193189744
词曲,0.008192545193189744
西天,0.008192545193189744
老哥,0.008192545193189744
香港站,0.008192545193189744
读音,0.008192545193189744
造物者,0.008192545193189744
露珠,0.008192545193189744
阿巴,0.008192545193189744
上野,0.008192545193189744
历史照片,0.008192545193189744
腾跃,0.008192545193189744
金承志,0.008192545193189744
首都体育馆,0.008192545193189744
西南交大,0.008192545193189744
高举,0.008192545193189744
蓝调,0.008192545193189744
单戳→,0.008192545193189744
鞭挞,0.008192545193189744
劳顿,0.008192545193189744
范范,0.008192545193189744
南飞,0.008192545193189744
九零,0.008192545193189744
单可以,0.008192545193189744
小品,0.008192545193189744
谱曲,0.008192545193189744
无损,0.008192545193189744
細心,0.008192545193189744
格拉,0.008192545193189744
挑战性,0.008192545193189744
监视器,0.008192545193189744
浪子,0.008192545193189744
张艺瀚,0.008192545193189744
闲适,0.008192545193189744
维京,0.008192545193189744
连冠,0.008192545193189744
乐曲,0.008192545193189744
力宏,0.008192545193189744
厚重,0.008192545193189744
关新,0.008192545193189744
架子鼓,0.008192545193189744
前辈,0.008192545193189744
赞美诗,0.008192545193189744
避世,0.008192545193189744
小情歌,0.008192545193189744
李淑宁,0.008192545193189744
对唱,0.008192545193189744
保研,0.008192545193189744
耳机,0.008192545193189744
肖棒,0.008192545193189744
天坛,0.008192545193189744
中居,0.008192545193189744
祖诺夫,0.008192545193189744
帥哥,0.008192545193189744
探戈,0.008192545193189744
安室奈美惠,0.008192545193189744
缱绻,0.008192545193189744
擅長,0.008192545193189744
睡意,0.008192545193189744
置身,0.008192545193189744
周俐,0.008192545193189744
起拍价,0.008192545193189744
小手,0.008192545193189744
午後,0.008192545193189744
钱妞新,0.008192545193189744
静谧,0.008192545193189744
继电,0.008192545193189744
抚平,0.008192545193189744
诺夫,0.008192545193189744
超厚,0.008192545193189744
托尼,0.008192545193189744
阴雨,0.008192545193189744
赵雷,0.008192545193189744
云阔,0.008192545193189744
意想不到,0.008192545193189744
歌王,0.008192545193189744
明知,0.008192545193189744
对得起,0.008192545193189744
音乐制作,0.008192545193189744
朱芸编,0.008192545193189744
配樂,0.008192545193189744
高产,0.008192545193189744
学人,0.008192545193189744
失恋,0.008192545193189744
加拿,0.008192545193189744
清大,0.008192545193189744
闪烁,0.008192545193189744
声道,0.008192545193189744
妖妖,0.008192545193189744
湖南师范大学,0.008192545193189744
易人,0.008192545193189744
申明,0.008192545193189744
發跡,0.008192545193189744
黑马,0.008192545193189744
前年,0.008192545193189744
悦耳,0.008192545193189744
简直比,0.008192545193189744
庆典,0.008192545193189744
年第,0.008192545193189744
毛边,0.008192545193189744
喜讯,0.008192545193189744
周里就,0.008192545193189744
圣洁,0.008192545193189744
男歌手,0.008192545193189744
实体,0.008192545193189744
起家,0.008192545193189744
九眼桥,0.008192545193189744
榜上有名,0.008192545193189744
薛凯琪,0.008192545193189744
追忆,0.008192545193189744
禹丑丑,0.008192545193189744
郑进套,0.008192545193189744
版图,0.008192545193189744
抚慰,0.008192545193189744
张杰可,0.008192545193189744
一派胡言,0.008192545193189744
盛希,0.008192545193189744
闪耀,0.008192545193189744
游击,0.008192545193189744
诗集,0.008192545193189744
牛哥,0.008192545193189744
达意,0.008192545193189744
滚动,0.008192545193189744
创下,0.008192545193189744
火星人,0.008192545193189744
鲁妮,0.008192545193189744
单之,0.008192545193189744
汉诺威,0.008192545193189744
纷繁,0.008192545193189744
李白,0.008192545193189744
里加,0.008192545193189744
云斗,0.008192545193189744
关吗,0.008192545193189744
作詞,0.008192545193189744
摇篮,0.008192545193189744
场地,0.008192545193189744
解散,0.008192545193189744
乐堡,0.008192545193189744
申孝燮,0.008192545193189744
贾范儿,0.008192545193189744
三甲,0.008192545193189744
大调,0.008192545193189744
推送,0.008192545193189744
奏鸣曲,0.008192545193189744
下凡,0.008192545193189744
张智霖,0.008192545193189744
杨森,0.008192545193189744
鉴证,0.008192545193189744
厌烦,0.008192545193189744
史册,0.008192545193189744
住所,0.008192545193189744
风向标,0.008192545193189744
石爸写,0.008192545193189744
霍克莫,0.008192545193189744
布兰妮,0.008192545193189744
温岚,0.008192545193189744
五月天,0.008192545193189744
袁咏仪,0.008192545193189744
中国流,0.008192545193189744
蓝调之,0.008192545193189744
孔令奇,0.008192545193189744
听者,0.008192545193189744
氣勢,0.008192545193189744
标榜,0.008192545193189744
辗转,0.008192545193189744
流媒,0.008192545193189744
建一,0.008192545193189744
泥土,0.008192545193189744
绽放,0.008192545193189744
早安,0.008115160757336391
神奇,0.008115160757336391
期待,0.006787088651212406
注意事项,0.005555134726867552
演员,0.005555134726867552
火星,0.005555134726867552
趣味,0.005555134726867552
新人,0.005555134726867552
截图,0.005555134726867552
联合,0.005555134726867552
激情,0.005555134726867552
官博,0.005555134726867552
美妙,0.005555134726867552
孤独,0.005555134726867552
地区,0.005555134726867552
跳跃,0.005555134726867552
手术,0.005555134726867552
想象,0.005555134726867552
西班牙,0.005555134726867552
搭档,0.005555134726867552
歉意,0.005555134726867552
节目,0.005555134726867552
天空,0.005555134726867552
公布,0.005555134726867552
动人,0.005555134726867552
新手,0.005555134726867552
得了,0.005555134726867552
预告,0.005555134726867552
老板,0.005274820932644386
人心,0.005274820932644386
香港,0.005274820932644386
连续,0.005274820932644386
排名,0.005274820932644386
回忆,0.005274820932644386
将于,0.005274820932644386
清新,0.005274820932644386
创造,0.005274820932644386
精选,0.005274820932644386
爱情,0.002973073634271459
憧憬,0.0022946017693843976
正式,0.0022946017693843976
谢谢,0.0017964690836526933
姐妹,0.001245292212553218
广场,0.001245292212553218
星星,0.001245292212553218
订单,0.001245292212553218
改编,0.001245292212553218
不服,0.001245292212553218
高清,0.001245292212553218
不让,0.001245292212553218
炎炎夏日,0.001245292212553218
嘉宾,0.001245292212553218
上映,0.001245292212553218
切换,0.001245292212553218
诞生,0.001245292212553218
三年,0.001245292212553218
深圳,0.001245292212553218
数量,0.001245292212553218
场景,0.001245292212553218
持续,0.001245292212553218
假期,0.001245292212553218
姐姐,0.0010984661713374496
开启,0.0010984661713374496
宣布,0.0010984661713374496
身份,0.0010984661713374496
成长,0.0010984661713374496
小时候,0.0010984661713374496
技术,0.0010984661713374496
兴趣,0.0010984661713374496
不想,0.0010491193966908265
气质,0.0010491193966908265
编排,0.0
尺度,0.0
先知,0.0
发高烧,0.0
纪念版,0.0
首推,0.0
拭目以待,0.0
男女声,0.0
欣喜,0.0
重磅,0.0
将对,0.0
美声,0.0
丹麦,0.0
倾诉,0.0
谈判,0.0
最後,0.0
滚石,0.0
交响乐团,0.0
校长,0.0
西游记,0.0
诉说,0.0
一本,0.0
衣冠,0.0
风暴,0.0
