爽,1
开学,2
玛雅,3
献礼,4
抽奖,5
控,6
地址,7
免费,8
期待,9
爆发,10
熊猫,11
小学生,12
快乐,13
秋季,14
新品,15
乐购,16
有奖,17
熊一百,18
红光,19
小学,20
馋嘴,21
晓得,22
回事,23
想到,24
以前,25
不想,26
大米,27
哈哈哈哈,28
估计,29
看懂,30
果断,31
纠结,32
肯定,33
生日,34
感动,35
嘻嘻,36
算了,37
蛋糕,38
都可,39
做到,40
爱你,41
破例,42
云号送,43
学期,44
派对,45
智能家居,46
不停,47
中奖,48
期盼,49
能够,50
得到,51
好运,52
连连,53
放假,54
科学,55
晚安,56
你好,57
再见,58
哈哈,59
兴奋,60
激动,61
亲爱,62
笨笨,63
害羞,64
在外,65
上学,66
上班,67
生日蛋糕,68
回来,69
我吃,70
亲亲,71
今年,72
桃花,73
旺旺,74
十里,75
到爆,76
活动,77
惊喜,78
生活,79
喜迎,80
狂欢,81
婷婷,82
我要,83
泪,84
不可能,85
态度,86
粉丝,87
回馈,88
祝愿,89
成功,90
又是,91
九月,92
莫名,93
告别,94
校园,95
毕业,96
小伙伴,97
雀跃,98
心形,99
奶酪,100
心情,101
开心,102
好开心,103
私房菜,104
给力,105
前期,106
团购,107
抱抱,108
下单,109
现价,110
全网,111
最低价,112
花心,113
送给,114
心,115
点击,116
专场,117
双包,118
明星,119
同款,120
学生,121
必备,122
男女,123
专柜,124
小票,125
八月,126
王送,127
手机,128
关注,129
礼物,130
乡下人,131
进城,132
节奏,133
三文鱼,134
奶油,135
生病,136
说好,137
海鲜,138
自助,139
顶起,140
一头,141
飘逸,142
长发,143
畅游,144
世界,145
汤圆,146
启动,147
模式,148
发表,149
博文,150
日记,151
在家,152
傻瓜,153
有没有,154
学校,155
不知道,156
觉得,157
马上就,158
见到,159
晚上,160
看到,161
流星,162
许愿,163
熬到,164
深夜,165
对得起,166
新概念,167
周年校庆,168
不要,169
放弃,170
能参,171
教育,172
第二,173
挑战,174
搜搜,175
转转,176
亮白,177
重在,178
奖品,179
营养,180
大礼,181
柯柯,182
喜儿,183
说是,184
还要,185
人因,186
流量,187
照片,188
发旧,189
东西,190
长大,191
好好,192
学习,193
理科生,194
非主流,195
面膜,196
舒服,197
嫩嫩,198
暑假,199
周就补,200
压力,201
很大,202
花花,203
幸福,204
时光,205
华丽,206
辞藻,207
努力,208
坚持,209
看得见,210
成为,211
忠实,212
办法,213
舍不得,214
离开,215
知道,216
多想,217
读书,218
美好,219
不明,220
烦恼,221
彼岸,222
花开,223
狗日,224
领导,225
上报,226
教材,227
不知,228
情况,229
教案,230
课件,231
课程,232
进度表,233
设计,234
道歉,235
不说,236
强调,237
检查,238
超酷,239
智能,240
目光,241
发来,242
谢谢,243
人儿,244
加油,245
实习,246
可恶,247
痘痘,248
待在,249
情何以堪,250
抓狂,251
喜欢,252
全拼,253
运气,254
私图,255
第一,256
佘妙漩,257
第一次,258
陌生人,259
动物园,260
逃跑,261
感谢,262
假日,263
广场,264
多好,265
天都,266
热闹,267
节日,268
米苏,269
罐头,270
小福,271
方式,272
点点,273
鼠标,274
实现,275
宿舍,276
阳台,277
吹风,278
电池,279
固定,280
项目,281
消息,282
空间,283
下去,284
这是,285
道路,286
迈出,287
上床,288
穆穆穆,289
爱听,290
谎言,291
搜狗,292
住宿,293
买单,294
心平,295
修养,296
超脱,297
幸运,298
暗恋,299
开玩笑,300
志愿,301
同一,302
大学,303
女孩,304
发现,305
关系,306
所在,307
以为,308
男孩,309
跟随,310
父母,311
喜欢你,312
错过,313
难得,314
南方,315
校车,316
不及,317
经验,318
走过,319
人生,320
睡觉,321
散步,322
人玩,323
电脑,324
时间,325
漫长,326
无聊,327
此刻,328
新人,329
大门,330
洞开,331
发亮,332
甜甜,333
微笑,334
招手,335
享受,336
怀念,337
过去,338
感觉,339
熟悉,340
重点,341
考试,342
总动员,343
求好,344
人品,345
每一,346
有意,347
逝去,348
带上,349
平板,350
返校,351
耐尔,352
携手,353
京东,354
莘莘学子,355
学业,356
超薄,357
四核,358
感恩,359
超大,360
容量,361
可爱,362
云游,363
苍穹,364
未经,365
琉璃,366
世俗,367
爱上,368
自驾游,369
一句话,370
回忆,371
看吧,372
挖鼻屎,373
笑哈哈,374
相信,375
老天,376
公平,377
轩辕剑,378
周末,379
有空,380
大宁,381
之神,382
眷顾,383
大奖,384
大大,385
季多转,386
辛苦,387
换来,388
勤奋,389
果实,390
到来,391
是不是,392
表情,393
保佑,394
祝好梦,395
季跟沃,396
有限,397
情谊,398
无限,399
学会,400
冬天,401
热忱,402
度过,403
问候,404
留在,405
感受到,406
友情,407
温暖,408
安康,409
正式,410
最近,411
多人,412
原因,413
编导,414
美术,415
播音,416
不来,417
故事,418
灵感,419
绘画,420
水平,421
拜拜,422
老师,423
气死,424
十天,425
发送,426
微软,427
话费,428
现金,429
乐驼网,430
举行,431
方面,432
哭死,433
淚,434
发微,435
吕彦谷,436
精油,437
掩饰,438
鼻子,439
脱毛,440
长毛,441
护肤品,442
苍老,443
吕孃孃,444
代言,445
五人,446
疯狂,447
玩耍,448
记忆,449
友谊,450
长存,451
电视,452
怒骂,453
妹妹,454
不会,455
告诉,456
华东,457
干嘛,458
做鬼脸,459
吃惊,460
赢取,461
包非常,462
发动,463
亲朋好友,464
无线,465
报道,466
哼,467
欢笑,468
笑脸,469
抹茶,470
二字,471
钱吧,472
花销,473
小羊,474
不懂,475
娜娜,476
傻笑,477
肥仔,478
八戒,479
心肠,480
珍惜,481
珍贵,482
失去,483
平淡,484
好友,485
工资,486
周周,487
中彩,488
好心情,489
白天,490
财神,491
夜晚,492
钞票,493
春天,494
美美,495
祝自己,496
获奖,497
研究生,498
要说,499
中学,500
时代,501
有感,502
假期,503
兼职,504
拿来,505
转圈,506
算是,507
年代,508
理想,509
焦躁,510
真心,511
越来越,512
只能,513
气愤,514
一首,515
问题,516
听到,517
前奏,518
参赛,519
歌曲,520
试听,521
录制,522
不行,523
但愿,524
福地,525
博客,526
红火,527
不错,528
链接,529
中秋,530
哈根达斯,531
月饼,532
郑大欣,533
谢慧娴,534
恐怖,535
流行,536
东莞,537
班纳,538
秋装,539
火爆,540
上市,541
出活,542
啊呜啊呜,543
老话,544
每一个,545
来临,546
金九银,547
多行业,548
写照,549
大半年,550
有所,551
收获,552
仲夏,553
炎热,554
前途,555
曲折,556
脚步,557
一刻,558
停歇,559
经邦,560
济世,561
美丽,562
前行,563
伙伴,564
会议,565
喜爱,566
装扮,567
都来,568
好想,569
没用,570
蜡烛,571
雪,572
尼玛,573
羡慕,574
嫉妒,575
恨,576
想见,577
一面,578
犯贱,579
不够,580
优秀,581
付之一炬,582
随便,583
作践,584
混蛋,585
对不起,586
心痛,587
国定,588
酷,589
魅力,590
无法,591
发给,592
宣传,593
厉娜,594
宝贝,595
贝们,596
大块,597
耕耘,598
会见,599
时刻,600
认真,601
给劲,602
么么,603
交给我吧,604
全新,605
状态,606
兔子,607
月亮,608
发型,609
面对,610
上百,611
泔水,612
吃屎,613
吐槽,614
可怜,615
委屈,616
战争,617
祝小盆,618
不断,619
带给,620
郑爽,621
偷笑,622
南大,623
完了,624
良好,625
累,626
腰酸背痛,627
龚雪,628
黄丽,629
黎萍,630
李岚,631
恐惧症,632
年时,633
带来,634
商家,635
互动,636
季如此,637
我相,638
节节高,639
梦想,640
后悔,641
毕竟我,642
女神,643
降临,644
开门,645
新主人,646
准备,647
感言,648
劲爆,649
足够,650
小米,651
之声,652
升级,653
休眠,654
中国,655
合伙人,656
王王王,657
师大,658
好玩,659
角落,660
礼包,661
派送,662
可惜,663
值得,664
洪培茵,665
还好,666
正常,667
陈镁,668
真好,669
进步,670
早睡早起,671
熬夜,672
星期一,673
衰,674
定为,675
学年,676
返回,677
全国,678
大院,679
中小学校,680
幼稚园,681
人气,682
泡泡,683
里面,684
袭击者,685
埋伏,686
平嘻,687
重子,688
共振,689
蓝白色,690
十字军,691
战士,692
忧伤,693
不上,694
视力,695
暑期,696
旅程,697
祝小编,698
薪水,699
高涨,700
裸奔,701
玖月,702
计划,703
小昭,704
同学,705
小文,706
麻神些,707
阴险,708
速度,709
爱生,710
胡胡胡,711
垦丁,712
天气,713
倔强,714
女子,715
生产力,716
道理,717
韩庚,718
可怕,719
上课,720
关键词,721
练习,722
家里,723
事情,724
点心,725
望新,726
家人,727
健康,728
工作,729
多点,730
画画,731
目标,732
盖世,733
王丸,734
噢耶,735
好爱哦,736
呵呵,737
哭嚎,738
困,739
不开心,740
谭哥,741
到时,742
垂怜,743
暖暖,744
太阳,745
全身心,746
旅人,747
况且,748
见面,749
奋进,750
动力,751
高三,752
恋爱,753
亲密,754
任性,755
操心,756
之旅,757
最爱,758
摸底,759
湖北,760
嘉年华,761
火葬场,762
小子,763
听话,764
哥哥,765
好棒,766
金华,767
衢州,768
贱,769
聚聚,770
季也要,771
瑞琪,772
老子,773
播种,774
喜悦,775
过程,776
矛盾体,777
回家,778
玩笑,779
原意,780
理解,781
意思,782
早点,783
休息,784
书包,785
迟到,786
山林,787
老木,788
羚羊,789
老大,790
奉献,791
精彩,792
情愿,793
可乐,794
乳鸽,795
一名,796
达人,797
密码,798
嘿嘿嘿,799
嫌弃,800
里来,801
福利,802
主办方,803
提供,804
誓言,805
新浪,806
获奖名单,807
公布,808
电商,809
协会,810
联系,811
继续,812
面向,813
全体,814
在校,815
创业,816
求关注,817
电子商务,818
公众,819
平台,820
机会,821
获得,822
鼠标垫,823
忘记,824
留言,825
年纪,826
太原,827
工业,828
学院,829
贴吧,830
忙碌,831
昨晚,832
作业,833
提起,834
加把劲,835
萌,836
高二,837
拜年,838
魔力,839
活泼,840
人偶,841
幽灵,842
维京,843
头盔,844
短裤,845
神殿,846
祭司,847
复古,848
随心,849
星期天,850
全班,851
去火,852
烧烤,853
兴地,854
信息,855
卫生,856
讨厌,857
下午,858
真想,859
泥煤,860
遥远,861
保险,862
到期,863
推销,864
电话,865
骚扰,866
失落,867
治疗,868
艾特,869
高兴,870
阿姨,871
吃饭,872
美文,873
画集,874
孩子,875
好孩子,876
证明,877
对象,878
思考,879
小丸子,880
童话集,881
细察,882
通城,883
天价,884
学区,885
价格,886
离谱,887
窗户,888
厨房,889
卫生间,890
漏水,891
高楼,892
遮光,893
汽车,894
尾气,895
季又,896
热学,897
黄金屋,898
片段,899
金涛,900
厨卫,901
住宿生,902
悲剧,903
衣服,904
鞋子,905
零食,906
日用品,907
箱子,908
回去,909
初三,910
黑白,911
悼念,912
咳嗽,913
停不,914
好受,915
热情,916
欢迎,917
柠檬,918
朦胧,919
后援会,920
生于,921
夏天,922
重复,923
童鞋,924
奋斗,925
玫瑰,926
想念,927
悲催,928
泪流满面,929
当当,930
快快,931
虫子,932
减肥,933
指导,934
提香,935
基督,936
伯爵,937
毕竟,938
重要,939
表现,940
顺顺,941
利利,942
心想事成,943
威武,944
破门,945
迎来,946
全盛期,947
国安,948
球迷,949
鼓掌,950
记得,951
会员卡,952
校领导,953
不让,954
消失,955
一群,956
腦殘,957
吱吱喳喳,958
煩死,959
充值卡,960
麻痴兔,961
小小,962
尘埃,963
大头,964
头头,965
典礼,966
备课,967
样子,968
示好,969
思恩,970
紫云,971
愛,972
同在,973
闻人,974
永别,975
玉海,976
实中,977
安全,978
宇宙,979
陶慧栩,980
周晓静,981
死人,982
签证,983
啦啦啦啦,984
陈莹,985
囧,986
曹晖维,987
苜蓿,988
名字,989
王雪,990
金玄孰,991
顾康义,992
江徽录,993
我爱,994
妹子,995
上三,996
吴世勋,997
直升,998
欢歌笑语,999
走好,1000
结束,1001
季又到,1002
夏季,1003
压轴,1004
对待,1005
反应,1006
十口,1007
辛勤,1008
园丁,1009
痛苦,1010
多日,1011
中都,1012
知识,1013
倒数,1014
二天,1015
有种,1016
过来,1017
今晚,1018
望都,1019
一开,1020
目的,1021
大一,1022
小朋友,1023
平安,1024
身高,1025
寿星,1026
分担,1027
朋友,1028
知心,1029
牵挂,1030
动情,1031
情歌,1032
小王子,1033
体验,1034
易数影,1035
新一代,1036
视频展台,1037
教学,1038
利器,1039
管我们,1040
距离,1041
关怀,1042
不变,1043
本想,1044
左等右,1045
明珠,1046
坐车,1047
方便,1048
进入,1049
次元,1050
提到,1051
姐姐,1052
大名,1053
不爱,1054
猎人,1055
阿莫,1056
马脸,1057
地球,1058
机遇,1059
拥有,1060
温馨,1061
甜蜜,1062
空惹,1063
心事,1064
成殇,1065
忍者,1066
毒药,1067
得来,1068
顶,1069
中坚,1070
力量,1071
美白,1072
好心,1073
好报,1074
高考,1075
超生,1076
阿弥陀佛,1077
手扶拖拉机,1078
奔驰,1079
区别,1080
林丶澤,1081
好运来,1082
珠珠,1083
悲伤,1084
伤心,1085
凯悦,1086
万里,1087
狂奔,1088
大解,1089
机油,1090
伸手,1091
拒绝,1092
不好,1093
兆头,1094
不适,1095
高个子,1096
大叔,1097
不住,1098
外面,1099
老爸,1100
老妈,1101
在一起,1102
行李,1103
心态,1104
天涯,1105
年级,1106
女儿,1107
培训,1108
坐好,1109
保持,1110
安静,1111
排队,1112
认识,1113
厕所,1114
位置,1115
参观,1116
第三,1117
一晃,1118
万翔,1119
丸子,1120
王诗琅,1121
祝诗琅,1122
军训,1123
多久,1124
安好,1125
奥特曼,1126
明晚,1127
不到,1128
對手,1129
強大,1130
哇哈哈,1131
飞去,1132
庚庚,1133
阳光,1134
开办,1135
第一届,1136
回想起,1137
哈密,1138
初中,1139
姐妹,1140
煽情,1141
上来,1142
广州,1143
宝贝儿,1144
偶像,1145
专辑,1146
薛之谦,1147
得意地笑,1148
马上我,1149
宝莱,1150
百货,1151
大牛,1152
祝我,1153
指望,1154
一日,1155
赞,1156
力挺,1157
恭祝,1158
盼望,1159
想着,1160
好消息,1161
即日,1162
录取,1163
通知书,1164
复印件,1165
锦江,1166
之星,1167
禾祥,1168
西路,1169
巨礼,1170
门市,1171
优惠,1172
停车场,1173
矿泉水,1174
设施,1175
设备,1176
走入,1177
二郎,1178
背着,1179
学堂,1180
风雨,1181
车难,1182
赞啊,1183
小时,1184
须要,1185
直接,1186
观后感,1187
得了,1188
成都,1189
伤不起,1190
豆豆,1191
吃醋,1192
明年,1193
天才,1194
惯例,1195
找工作,1196
着落,1197
郑州,1198
实践,1199
着急,1200
安排,1201
浪费,1202
忧虑,1203
时差,1204
潘多拉,1205
林騰飝,1206
没错,1207
讨论,1208
放松,1209
崔梦璇,1210
王者,1211
范世琦,1212
我爱你,1213
蓝水,1214
蜜桃,1215
机智,1216
地理,1217
忘掉,1218
出发,1219
新东方,1220
烹饪学校,1221
校花,1222
毛腿,1223
帅,1224
混沌,1225
少女,1226
德德,1227
裙子,1228
米嘛,1229
政史,1230
物理,1231
起床,1232
承受不了,1233
头骨,1234
之际,1235
遥祝,1236
十多,1237
年来,1238
相知,1239
许我也,1240
欺负,1241
敞开,1242
失败,1243
用心,1244
星期日,1245
卡卡,1246
妈妈,1247
黄晨怡,1248
金鱼,1249
浪漫,1250
旅途,1251
爱人,1252
帮助,1253
吸引,1254
越来,1255
越好,1256
蒸蒸日上,1257
刘翔都,1258
朱染亜,1259
视频,1260
清楚,1261
明确,1262
搬运,1263
授权,1264
允许,1265
搬到,1266
大明,1267
大方,1268
在线视频,1269
站上,1270
不合,1271
情理,1272
字幕,1273
围观,1274
领取,1275
解忧,1276
心愿,1277
悠悠,1278
成另一,1279
大山,1280
前面,1281
心里,1282
慌慌,1283
多年,1284
北京,1285
秋冬,1286
比高,1287
差不,1288
天开,1289
送来,1290
一丝,1291
清凉,1292
举办,1293
有力,1294
自带,1295
汉庭,1296
持续,1297
高校,1298
赠送,1299
精美,1300
礼品,1301
起风,1302
存在,1303
畅快,1304
感冒了,1305
田心,1306
好事,1307
雨点,1308
东城,1309
不好意思,1310
欢乐,1311
容易,1312
坚强,1313
心疼,1314
多发,1315
好过,1316
庸俗,1317
牛奶,1318
比古,1319
纸巾,1320
心得,1321
漂亮,1322
许个愿,1323
季带着,1324
移动,1325
电源,1326
盎然,1327
季节,1328
衬衫,1329
旅行,1330
大容量,1331
包包,1332
店铺,1333
明信片,1334
星期,1335
大放送,1336
盛典,1337
高台,1338
仅需,1339
华士,1340
任喝送,1341
果盘,1342
精彩节目,1343
美女,1344
歌手,1345
尺度,1346
舞蹈,1347
台数,1348
热线,1349
支持者,1350
产品,1351
美好生活,1352
伴随,1353
有目共睹,1354
勇创,1355
辉煌,1356
问心,1357
杨从宁,1358
初一,1359
初二,1360
小雯,1361
开店,1362
酒店,1363
考取,1364
环境,1365
聆听,1366
青春,1367
岁月,1368
过往,1369
无需,1370
不足,1371
新生活,1372
酷玩,1373
段君毅,1374
大爆,1375
奖励,1376
上帝,1377
河源,1378
下周一,1379
下来,1380
反感,1381
神经病,1382
发作,1383
偷乐,1384
羞嗒嗒,1385
注定,1386
苦闷,1387
烦心事,1388
坦然,1389
面的,1390
写给,1391
霸道,1392
旅行箱,1393
争夺,1394
搞怪,1395
票数,1396
最高,1397
投票,1398
猛击,1399
长时,1400
来吧,1401
蠢蠢,1402
挤眼,1403
渤海,1404
都爱,1405
明就,1406
大三,1407
要好,1408
好学,1409
习呀,1410
不快,1411
自豪,1412
看着,1413
干妈,1414
开解,1415
青岛,1416
新生,1417
保安,1418
不顺,1419
老陆,1420
发绿,1421
势利眼,1422
收藏,1423
综合症,1424
专家,1425
支招,1426
收心,1427
秘诀,1428
头条,1429
正文,1430
上网,1431
失望,1432
网站,1433
清爽,1434
下期,1435
喜乐,1436
理由,1437
文艺,1438
无奈,1439
心灵,1440
意志,1441
校区,1442
片子,1443
充实,1444
段颇,1445
脾气,1446
路越走,1447
温度,1448
高温,1449
貌似,1450
想象,1451
周一,1452
开口,1453
抛物线,1454
坏笑,1455
用户,1456
强盗,1457
好战,1458
深渊,1459
俊豪,1460
季我转,1461
上交,1462
艾伦,1463
小天,1464
那拉,1465
超大型,1466
巨人,1467
不留,1468
驱逐,1469
小心,1470
声音,1471
惊哭,1472
龙基谷,1473
蹂躏,1474
怒,1475
视线,1476
乐队,1477
外援,1478
肉包,1479
得开,1480
复杂,1481
下楼,1482
福来,1483
满意,1484
博士帽,1485
小黄,1486
监督,1487
好用,1488
惆怅,1489
桓桓,1490
歌唱,1491
李鹏,1492
醒来,1493
想起,1494
儿子,1495
交友,1496
动手,1497
完工,1498
成品,1499
p.s.,1500
汗,1501
贱人,1502
矫情,1503
阳历,1504
答应,1505
补给,1506
最美,1507
克斯,1508
一根,1509
泡菜,1510
争取,1511
愉快,1512
热血,1513
爱心传递,1514
眼前,1515
炮灰,1516
绝色,1517
嘤嘤,1518
出去玩,1519
啦啦,1520
紧张,1521
带走,1522
失眠,1523
迷茫,1524
栗子,1525
小姐,1526
幻想,1527
握手,1528
垂死,1529
坐起,1530
严谷德,1531
法克,1532
愿意,1533
晕,1534
鄙视,1535
每一次,1536
传递,1537
怀着,1538
饱满,1539
饶平,1540
某人,1541
交给,1542
意见,1543
大拇指,1544
好彩,1545
自然,1546
西瓜,1547
签到,1548
作孽,1549
早起,1550
早睡,1551
奇怪,1552
瑞典,1553
多事,1554
在理,1555
圆圆,1556
眼睛,1557
爱看,1558
笑,1559
帽子,1560
剪掉,1561
今日健康,1562
警惕,1563
在即,1564
学生会,1565
出现,1566
焦虑,1567
情绪,1568
低落,1569
发脾气,1570
伴有,1571
头晕,1572
食欲不振,1573
症状,1574
心理学家,1575
称之为,1576
家长,1577
调整,1578
生物钟,1579
进行,1580
心理,1581
疏导,1582
引导,1583
避免,1584
相聚,1585
难过,1586
关于我,1587
请求,1588
周四,1589
没事,1590
艰难,1591
拜托,1592
右边,1593
白火,1594
你妹的,1595
患者,1596
一剂,1597
良方,1598
睡不着,1599
如愿,1600
平衡,1601
礼拜,1602
季必,1603
小弟,1604
成绩,1605
领到,1606
校服,1607
签名,1608
泪奔,1609
巴掌,1610
德高望重,1611
拉尔,1612
权杖,1613
黑色,1614
皮革,1615
戚痰,1616
习惯,1617
胃口,1618
照常,1619
点名,1620
教室,1621
浮云,1622
上到,1623
放学,1624
尴尬,1625
诱人,1626
吴仙群,1627
头发,1628
圆珠笔,1629
店主,1630
书套,1631
书皮,1632
包书,1633
五年,1634
好不好,1635
阿拉,1636
温饱,1637
选择,1638
想想,1639
刺激,1640
怪兽,1641
熊送,1642
夥伴,1643
看电影,1644
满足,1645
剩下,1646
滿頭大汗,1647
转运,1648
能开,1649
篮球,1650
周赛,1651
献出,1652
复活,1653
魏一宁,1654
呆子,1655
孩儿,1656
信心,1657
回覆,1658
备战,1659
哭,1660
好日子,1661
钟宇钱,1662
怪人,1663
好奇心,1664
万一,1665
了然,1666
宣言,1667
错误,1668
扬帆,1669
远航,1670
福建,1671
中医药大学,1672
了却,1673
躁郁症,1674
征兆,1675
下雨,1676
没完,1677
老弟,1678
上岗,1679
重回,1680
哈利,1681
路亚,1682
带感,1683
男声,1684
告白,1685
华晨,1686
味道,1687
做饭,1688
打牌,1689
真心话,1690
冒险,1691
小吃,1692
嚣张,1693
多余,1694
感情,1695
难免,1696
伤感,1697
丑八怪,1698
辅导员,1699
组织,1700
保洁,1701
服务,1702
团队,1703
打扫,1704
生意,1705
考虑,1706
情感,1707
褪去,1708
巧合,1709
科技,1710
性子,1711
乏味,1712
趴在,1713
切都,1714
实用,1715
谢师送,1716
同洲,1717
恩师,1718
手指,1719
时尚,1720
十月,1721
莫名其妙,1722
万寿,1723
徽章,1724
令人,1725
说说,1726
敬请,1727
索微,1728
官方,1729
账号,1730
华勇甫,1731
容玉,1732
不在,1733
班级,1734
厉害,1735
丢下,1736
诺言,1737
郑敏婧,1738
温海怡,1739
相比,1740
强吻,1741
等待,1742
来来,1743
鸿基,1744
不甘,1745
期末,1746
懊悔,1747
循环,1748
庐山,1749
舒特,1750
姨妈,1751
堆积,1752
放心,1753
约定,1754
行李箱,1755
来回,1756
车票,1757
归来,1758
大功率,1759
电器,1760
抱怨,1761
食堂,1762
饭菜,1763
细雨,1764
有喜,1765
有忧,1766
周易李,1767
秋雨,1768
抵挡,1769
诱惑,1770
路过,1771
笑话,1772
有高,1773
顺心,1774
祝贵博,1775
虔诚,1776
发生,1777
熊熊,1778
似是,1779
傅村,1780
地方,1781
师傅,1782
最多,1783
主要,1784
男士,1785
去就,1786
铺床,1787
透过,1788
芽子,1789
经纪人,1790
身份证,1791
义经,1792
代表,1793
领悟,1794
新衣,1795
有钱,1796
怀疑,1797
人行,1798
面值,1799
纸币,1800
断电,1801
诚意,1802
奇迹,1803
朴正洙,1804
感叹,1805
条件,1806
优越,1807
全家,1808
爷爷,1809
奶奶,1810
女孩儿,1811
过度,1812
依赖,1813
独立,1814
出门,1815
强点,1816
神马,1817
大四,1818
赛就好,1819
退役,1820
高端,1821
洋气,1822
上档次,1823
慢慢来,1824
用功,1825
主办,1826
方好,1827
小卖部,1828
坚定,1829
决心,1830
罗佳,1831
惊讶,1832
七月,1833
很快,1834
生物,1835
钟还跟,1836
来都,1837
增加,1838
老天爷,1839
本命年,1840
相片,1841
回到,1842
火柴,1843
合照,1844
共同,1845
维尼,1846
纪念,1847
夫妇,1848
纪念日,1849
陌生,1850
超值,1851
推荐,1852
新浪网,1853
猪头,1854
小马,1855
饼干,1856
张棅嵅,1857
皮喔,1858
晓东,1859
陈晓东,1860
逃学,1861
胡培沁,1862
年生,1863
吉利,1864
干巴,1865
摩卡,1866
蜜柑,1867
深海,1868
之鱼,1869
甩甩手,1870
芝士,1871
周课,1872
花爷,1873
进击,1874
真爱,1875
笨蛋,1876
凡事,1877
执着,1878
好点,1879
加油啊,1880
嘟嘟,1881
季来袭,1882
路由,1883
末日,1884
开一,1885
空调,1886
口碑,1887
服务好,1888
老百姓,1889
信赖,1890
老吴,1891
奶妈,1892
凌晨,1893
黄垒,1894
破蛋,1895
半年,1896
鸡蛋,1897
黄嘉琪,1898
林子,1899
联合,1900
师妹,1901
垒垒,1902
少年,1903
曾破魚,1904
礼让,1905
三年,1906
零分,1907
读研,1908
自有,1909
揭晓,1910
拭目以待,1911
凑合,1912
意义,1913
正直,1914
太开心,1915
武汉,1916
半条命,1917
狡猾,1918
清辉,1919
蝶恋花,1920
缩短,1921
命运,1922
吐,1923
光顾,1924
短信,1925
发布,1926
哭泣,1927
汪祝,1928
小傻,1929
饭票,1930
有效,1931
幼儿园,1932
小班,1933
潘晴,1934
下限,1935
小白,1936
踏出,1937
绝交,1938
右哼哼,1939
拼搏,1940
江西,1941
橙子,1942
玉婷,1943
晒太阳,1944
神仙,1945
仙灵,1946
月底,1947
必要,1948
歌会,1949
站长,1950
漠然,1951
全都,1952
频道,1953
好意思,1954
多言,1955
一想,1956
完整,1957
五天,1958
奇葩,1959
相处,1960
珍爱,1961
生命,1962
远离,1963
三楼,1964
安心,1965
游戏,1966
围脖,1967
注意,1968
孙小贤,1969
霸气,1970
马上,1971
月租,1972
长途,1973
通话,1974
身心,1975
疲惫,1976
高三生,1977
皮哥,1978
重庆,1979
于我来,1980
实际,1981
卷卷,1982
妙趣,1983
雅思,1984
高口,1985
得自,1986
带电,1987
调查,1988
这句话,1989
说出,1990
咸鱼,1991
大吉,1992
生大,1993
爆料,1994
乐吧,1995
管中,1996
不中,1997
晚会,1998
打喷嚏,1999
蛋蛋,2000
回头,2001
称为,2002
黄金,2003
中用,2004
回顾,2005
徒增,2006
号角,2007
吹响,2008
威威,2009
祝此微,2010
多来,2011
好忙,2012
冲啊,2013
侍卫,2014
赤裸裸,2015
贿赂,2016
费心,2017
高产,2018
段子,2019
玉米,2020
常伴,2021
丰富,2022
兵工厂,2023
好喜欢,2024
边才,2025
杂种,2026
无益,2027
季正,2028
能量,2029
逃脱,2030
火星,2031
韩梦,2032
朱佳惠,2033
手下,2034
败将,2035
陈家琦,2036
掉下,2037
虎子,2038
多远,2039
麻麻,2040
红包,2041
套餐,2042
肤浅,2043
通讯录,2044
打出去,2045
人有,2046
空鸟我,2047
骚骚,2048
别来,2049
十六年,2050
无关,2051
聊天,2052
你我,2053
想要,2054
安逸,2055
安琪,2056
天使,2057
魔鬼,2058
提前,2059
天和,2060
死党,2061
呜呜,2062
报到,2063
我喜欢,2064
体育,2065
唱歌,2066
跳皮筋,2067
沙包,2068
单杠,2069
屋顶,2070
下跳,2071
从小,2072
学到,2073
四楼,2074
下班,2075
何时从,2076
走出,2077
何时才,2078
海外,2079
美食家,2080
概括,2081
同感,2082
改变,2083
尝试,2084
大学生活,2085
色彩,2086
猛烈,2087
鸽子,2088
爱情,2089
上辈子,2090
子来,2091
今生,2092
询问,2093
杉杉,2094
劳累,2095
焦虑症,2096
绝望,2097
包过班,2098
老婆,2099
好听,2100
吵架,2101
庆贺,2102
话筒,2103
上去,2104
介绍,2105
在线,2106
首页,2107
冷清,2108
打扰,2109
看不到,2110
份儿,2111
离别,2112
母校,2113
逛逛,2114
不赖,2115
秋千,2116
滑梯,2117
跷跷板,2118
越多,2119
几率,2120
中考,2121
体重,2122
高跟,2123
凉鞋,2124
印痕,2125
体会,2126
滋味,2127
无意间,2128
说话,2129
对话,2130
小杰,2131
长尾巴,2132
话题,2133
主持人,2134
蓝巫,2135
重逢,2136
胡浩,2137
羅文,2138
宜家,2139
少爷,2140
打屁股,2141
学好,2142
必修,2143
玩游戏,2144
细说,2145
寝室,2146
南京,2147
年满,2148
女仆,2149
文化,2150
技能,2151
下周三,2152
开启,2153
刘睿呗,2154
阿明,2155
爱康,2156
拿给,2157
周边,2158
好说,2159
美景,2160
不算,2161
美麗,2162
吴浩,2163
爸爸,2164
乐乐,2165
超华,2166
兰州大学,2167
榆中,2168
男生宿舍,2169
马上也,2170
结缘,2171
泽哥,2172
全场,2173
图书,2174
警察,2175
馒头,2176
庆生,2177
面子,2178
免俗,2179
形容,2180
处女座,2181
意外,2182
马里奥,2183
腹痛,2184
腹泻,2185
突感,2186
不远,2187
厚爱,2188
预兆,2189
天象,2190
掐指一算,2191
周微博,2192
谣言,2193
内容,2194
新气象,2195
执笔,2196
杀青,2197
早安,2198
午安,2199
咸蛋,2200
清和,2201
大人,2202
米可家,2203
上新,2204
英伦,2205
包淘起,2206
任选,2207
震撼,2208
超多,2209
配色,2210
愿望,2211
汗水,2212
现实,2213
困死了,2214
打哈气,2215
打算,2216
两三点,2217
番薯,2218
同桌,2219
负责,2220
看见,2221
平衡点,2222
意在,2223
天生日,2224
常困,2225
牛肉,2226
差别,2227
陈深,2228
睡不,2229
内伊,2230
于自己,2231
课表,2232
想法,2233
惊呆,2234
晒晒,2235
王健,2236
注册,2237
可口,2238
良药,2239
母鸡,2240
月份,2241
平均,2242
合计,2243
也就是说,2244
寒假,2245
好兄弟,2246
干什么,2247
家庭,2248
明白,2249
生什,2250
说教,2251
爱好,2252
兄弟,2253
出生,2254
外婆家,2255
天生,2256
传来,2257
鞭炮声,2258
杂碎,2259
理会,2260
些小,2261
浮动,2262
过客,2263
关机,2264
人生日,2265
爺爺,2266
赶上,2267
发挥,2268
点滴,2269
起飞,2270
只求,2271
馅饼,2272
赐予,2273
迷失,2274
靓丽,2275
颜色,2276
事事,2277
魏婚夫,2278
为生,2279
需要,2280
创意,2281
记录,2282
笨人,2283
震惊,2284
光明正大,2285
妈咪,2286
文藝,2287
青年,2288
阿婶,2289
咧咧,2290
得奖,2291
菜头,2292
浦口,2293
全天,2294
歪歪,2295
电视剧,2296
充电,2297
监狱,2298
探监,2299
考卷,2300
分数,2301
微不足道,2302
舍弃,2303
开奖,2304
嘱咐,2305
进化,2306
成学霸,2307
小伙,2308
伴儿,2309
意识,2310
江湖,2311
不见,2312
复习,2313
摆摊,2314
备考,2315
接班,2316
守夜,2317
朗朗,2318
异地,2319
照顾,2320
王陈妮,2321
生还,2322
延长,2323
用电,2324
海尔,2325
学子,2326
装修公司,2327
搬家公司,2328
钟点工,2329
听见,2330
闹钟,2331
诸暨,2332
规划,2333
林苗,2334
苏馥莹,2335
班长,2336
帮转,2337
联考,2338
数学,2339
算法,2340
揭阳,2341
老板,2342
马良,2343
林酱来,2344
广东,2345
崩溃,2346
赞助,2347
资料,2348
消费,2349
成年真,2350
月前,2351
大东,2352
不想上班,2353
大兴安岭,2354
召唤,2355
台湾,2356
硬座,2357
摆明,2358
邱邱,2359
麦博伴,2360
重返,2361
挣扎,2362
只字,2363
强煎,2364
相同,2365
英英,2366
午餐,2367
鸡毛,2368
无敌,2369
中一,2370
林少,2371
绿色,2372
胡稀苗,2373
大包,2374
小包,2375
佳妮,2376
立得,2377
相机,2378
夹杂,2379
王博,2380
二十大,2381
折腾,2382
实属,2383
不易,2384
臣妾,2385
就寝,2386
一见,2387
踩点,2388
空闲,2389
好片,2390
荒废,2391
万颗心,2392
祝博,2393
主和,2394
万份情,2395
天下,2396
任何时,2397
猕猴桃,2398
木鱼,2399
安溪,2400
李宇春,2401
如初,2402
看书,2403
最初,2404
考研,2405
考证,2406
寄语,2407
高中,2408
最大,2409
好睡,2410
做人,2411
运动,2412
熄灯,2413
管来查,2414
秋天,2415
年少,2416
轻狂,2417
平凡,2418
借来,2419
新华,2420
兰州,2421
政府,2422
开发,2423
百年,2424
马上要,2425
小标题,2426
周　,2427
面临,2428
拆迁,2429
兰州市,2430
城关区,2431
贴心,2432
可靠,2433
期初,2434
叶丽旋,2435
删掉,2436
录音,2437
黑眼圈,2438
圈圈,2439
等不及,2440
飘尘,2441
屠苏,2442
公共,2443
主页,2444
上线,2445
中大,2446
學子,2447
关我什,2448
礼花,2449
渴望,2450
定点,2451
牵手,2452
抢走,2453
把手,2454
裤子,2455
执信,2456
体育部,2457
语文学,2458
比较,2459
小玩意,2460
锯齿,2461
厚厚,2462
梅丽,2463
解剖室,2464
郁闷,2465
青睐,2466
戚目米,2467
作息,2468
仇恨,2469
寂寞,2470
孤单,2471
季好,2472
成图,2473
张↑,2474
换取,2475
美体,2476
跑去,2477
慢慢,2478
小店,2479
星光,2480
格子,2481
进门,2482
宋伟但,2483
势头,2484
明显,2485
小礼,2486
丰厚,2487
涌进,2488
菁菁校园,2489
起跑线,2490
韶华,2491
真知,2492
真理,2493
拥抱,2494
激情,2495
书写,2496
苹果,2497
有病,2498
复读,2499
决定,2500
美妙,2501
朴素,2502
丝瓜,2503
放鞭炮,2504
自肥,2505
域名,2506
季一季,2507
轮回,2508
挥霍,2509
放肆,2510
记住,2511
容颜,2512
陈瓴先,2513
曉陽,2514
死期,2515
解决,2516
左艺,2517
叔叔,2518
确定,2519
尔康,2520
无二,2521
玩吧,2522
万岁,2523
陈北桑,2524
贴切,2525
恐惧,2526
发明,2527
冷笑,2528
上好,2529
多出,2530
加油加油,2531
走走,2532
吃吃饭,2533
散散步,2534
小女,2535
照相机,2536
海啸,2537
感人,2538
青蛙,2539
敬爱,2540
中小,2541
学僧,2542
百思,2543
应用,2544
毛想哭,2545
故事会,2546
四天,2547
英子家,2548
西沟,2549
镇上,2550
多里,2551
不通,2552
车带着,2553
英子,2554
搜狐,2555
客户端,2556
师姐,2557
元素,2558
挨骂,2559
睡到,2560
不关我事,2561
张依一,2562
心上人,2563
再不,2564
妖精,2565
尾巴,2566
不久,2567
真人版,2568
互粉,2569
选择性,2570
下关,2571
学年度,2572
矛盾,2573
打击,2574
心酸,2575
请吃,2576
大餐,2577
志愿者,2578
怀抱,2579
朴实,2580
回报,2581
胡海,2582
青年志愿者协会,2583
自大,2584
点点滴滴,2585
红星,2586
熊哥,2587
转学,2588
冲动,2589
前程,2590
民族,2591
振兴,2592
国家,2593
富强,2594
源泉,2595
无视,2596
省政府,2597
督导,2598
试问,2599
还清,2600
欠帐,2601
求知,2602
眼神,2603
贯彻,2604
落实,2605
民生,2606
中央商务区,2607
帮忙,2608
传单,2609
明早,2610
报名,2611
溜出,2612
不高兴,2613
幸运星,2614
成年噶,2615
年龄,2616
费事,2617
顶住,2618
湿湿,2619
史开始,2620
成多,2621
毕业生,2622
外挂,2623
马力,2624
忐忑,2625
学问,2626
荒唐,2627
中小学,2628
饮料,2629
阶段,2630
静心,2631
耐心,2632
大象,2633
感慨,2634
真真正正,2635
管别人,2636
看法,2637
不在乎,2638
身在,2639
何方,2640
煞笔,2641
美国,2642
奥巴马,2643
全美,2644
演讲,2645
山旮旯,2646
立秋,2647
然明,2648
狂潮,2649
入学,2650
装备,2651
联想,2652
江苏,2653
总会,2654
老万,2655
落叶,2656
脚趾,2657
妹儿,2658
沈氏夫,2659
发福,2660
利什么,2661
神奇,2662
新书,2663
借钱,2664
跑到,2665
济南,2666
偶遇,2667
经历,2668
难忘,2669
薄荷,2670
脱离,2671
右手,2672
先生,2673
医生,2674
地下街,2675
利威尔,2676
坂田,2677
蠢货,2678
不许,2679
节操,2680
头痛,2681
可能性,2682
充满,2683
斗志,2684
打气,2685
美洛,2686
客居,2687
闲人,2688
伍十玖,2689
宝宝,2690
教学楼,2691
发呆,2692
淡定,2693
三大,2694
主题,2695
主题歌,2696
桔子,2697
片花,2698
配音,2699
崔文颖,2700
晓白,2701
文案,2702
初小,2703
踏进,2704
校门,2705
中指,2706
口腔溃疡,2707
便秘,2708
中午,2709
汉堡,2710
溃疡,2711
痛彻,2712
心扉,2713
不小,2714
土豆,2715
香蕉,2716
荷叶,2717
拉肚子,2718
药店,2719
一格,2720
好朋友,2721
客气,2722
下旬,2723
星星,2724
小妮子,2725
钱捡,2726
分校,2727
留级,2728
同意,2729
男生,2730
洪妮,2731
吴二瓜,2732
何我只,2733
欧尼,2734
冷门,2735
西皮,2736
哈尔滨市,2737
经济,2738
教辅,2739
书籍,2740
热销,2741
带动,2742
书店,2743
销售,2744
旺季,2745
家庄,2746
从容,2747
少见,2748
废话,2749
高过我,2750
中央,2751
首座,2752
世纪,2753
养生,2754
无极,2755
连连看,2756
汪致佳,2757
面前,2758
大二,2759
学长,2760
责任感,2761
沧桑感,2762
分开,2763
写作,2764
屁股,2765
主治,2766
三十分,2767
分离,2768
应景,2769
碧池,2770
平日,2771
博里,2772
略带,2773
边间哇,2774
技校,2775
怀恋,2776
迎新,2777
系列,2778
開心,2779
踏入,2780
展开,2781
分派,2782
人手,2783
大学城,2784
初秋,2785
时节,2786
徐闻,2787
实名,2788
定一,2789
石头,2790
掉入,2791
万丈深渊,2792
课时,2793
恶作剧,2794
繁重,2795
淘宝网,2796
厦门,2797
商贸,2798
有限公司,2799
特价,2800
年糕,2801
恭喜,2802
特殊,2803
字数,2804
成长,2805
清新,2806
戴攻,2807
小时候,2808
热门,2809
请客,2810
庆祝,2811
失忆,2812
怪胎,2813
不喜欢,2814
抠鼻屎,2815
试试,2816
手气,2817
葡萄,2818
汇聚,2819
季我,2820
步入,2821
轨道,2822
大喊,2823
一声,2824
上午,2825
狂魔,2826
中二,2827
牙签,2828
期望,2829
消逝,2830
大学生,2831
网游,2832
室友,2833
母亲,2834
排练,2835
感冒,2836
秋风,2837
钟表,2838
舞台,2839
管它谁,2840
不爽,2841
主播,2842
连败,2843
上黄,2844
金Ⅳ,2845
卡萨,2846
创艺,2847
多愁善感,2848
到快,2849
养病,2850
祈福,2851
午饭,2852
代签,2853
娘家,2854
实力,2855
看小,2856
况且还,2857
临近,2858
担心,2859
润华,2860
打瞌睡,2861
国度,2862
鲜花,2863
强势,2864
孤家寡人,2865
篮球场,2866
身影,2867
以往,2868
怒气,2869
消减,2870
银魂,2871
私信,2872
咨询,2873
黄莺,2874
甜品,2875
单还,2876
积累,2877
单么,2878
哥们,2879
夜生活,2880
节制,2881
干杯,2882
送礼,2883
新新,2884
绝迹,2885
苏苏,2886
盒子,2887
一棵树,2888
遇见,2889
班费,2890
草泥马,2891
了解,2892
公告栏,2893
迷糊,2894
小如,2895
蔡米吉,2896
潘蓉,2897
润润,2898
蔡熙英,2899
陈艮心,2900
小秋,2901
划一,2902
步伐,2903
向前,2904
神隐,2905
芒果,2906
摸头,2907
麻痹,2908
军医,2909
茶茶,2910
止咳,2911
恶心,2912
舌头,2913
强人,2914
咖啡,2915
虾米,2916
音乐,2917
小结,2918
来得及,2919
文章,2920
洛爷,2921
忍不了,2922
身体,2923
吃药,2924
喝水,2925
有时候,2926
顾好,2927
脑壳,2928
踢球,2929
聪明,2930
无力,2931
艾特我,2932
上海,2933
国庆,2934
无缘,2935
拳头,2936
来到,2937
爬起,2938
老林,2939
报时,2940
一了,2941
紫米,2942
山药,2943
金针菇,2944
小帽,2945
躁狂症,2946
边伯贤,2947
朴灿烈,2948
幸运儿,2949
微风,2950
马神,2951
车都能,2952
师兄,2953
门票,2954
半价,2955
快用,2956
城市,2957
举国,2958
同庆,2959
罗薇,2960
增长,2961
结交,2962
世上,2963
有为,2964
导致,2965
后学,2966
车求,2967
组队,2968
教练,2969
便宜,2970
兴趣,2971
王阿丽,2972
书呆子,2973
湾湾,2974
月儿,2975
小船,2976
星空,2977
内裤,2978
电话亭,2979
潇洒,2980
太久,2981
有何,2982
关我毛,2983
小曼,2984
大声,2985
木棍,2986
只见,2987
林昆,2988
大笑,2989
卷子,2990
念道,2991
林日比,2992
不幸,2993
着想,2994
购买,2995
双肩包,2996
包均,2997
包邮,2998
客服,2999
新功能,3000
开放,3001
申请,3002
正品,3003
纤细,3004
纤弱,3005
发乳,3006
细发,3007
脱发,3008
生发,3009
增发,3010
购车,3011
支付,3012
建行,3013
老公,3014
回合,3015
致新,3016
精准,3017
传导,3018
系统,3019
工艺,3020
阵容,3021
角色,3022
排行榜,3023
法理,3024
解我们,3025
逆转,3026
三国,3027
高富帅,3028
体彩,3029
大乐,3030
送出,3031
万家,3032
购物,3033
依法治国,3034
禁止,3035
法律,3036
完善,3037
司法,3038
权力,3039
干扰,3040
恐慌,3041
创新者,3042
有如,3043
有希,3044
百姓,3045
打压,3046
上海日报,3047
任芬,3048
京华时报,3049
香港,3050
成报,3051
新聞,3052
金榜,3053
积分,3054
获取,3055
永久,3056
专业,3057
质量,3058
奢侈,3059
品牌,3060
皮带,3061
手表,3062
围巾,3063
眼镜,3064
饰品,3065
太阳眼镜,3066
拍卖,3067
原价,3068
起拍,3069
加价,3070
截止,3071
闲置,3072
人脉,3073
职业,3074
社交,3075
网络,3076
新老,3077
同事,3078
职场,3079
档案,3080
商业机会,3081
高薪,3082
职位,3083
同道,3084
行业,3085
探讨,3086
特卖,3087
订单,3088
号码,3089
金山,3090
毒霸,3091
用于,3092
打折,3093
景点,3094
通都,3095
伦敦,3096
网址,3097
易迅,3098
千台,3099
下载,3100
易迅就,3101
购买权,3102
大节,3103
血拼,3104
省钱,3105
双拼,3106
传统,3107
佳节,3108
长假,3109
聚会,3110
出游,3111
信用卡,3112
智慧,3113
绝不,3114
聚餐,3115
度假,3116
甜美,3117
怀旧,3118
连衣裙,3119
花朵,3120
图案,3121
橘黄色,3122
腰间,3123
弹力,3124
松紧,3125
处理,3126
修身,3127
女人味,3128
蝴蝶结,3129
刺绣,3130
糖霜,3131
桂冠,3132
长裙,3133
气质,3134
夜貓子,3135
格瓦拉,3136
生活网,3137
商品,3138
闪耀,3139
镶嵌,3140
施华,3141
洛世奇,3142
宝石,3143
璀璨,3144
优雅,3145
自信,3146
光芒,3147
预售,3148
街区,3149
品质,3150
寻找,3151
大牌,3152
驾到,3153
数码,3154
波来,3155
车主,3156
秀场,3157
惊艳,3158
炫目,3159
风采,3160
天津,3161
大盗,3162
小虎,3163
现有,3164
个性,3165
新款,3166
卡通,3167
装饰,3168
针织衫,3169
单品满,3170
促销活动,3171
实惠,3172
瞧瞧,3173
衣橱,3174
七宝,3175
年度,3176
张翰,3177
选项,3178
表态,3179
免费空间,3180
指数,3181
旗下,3182
存储,3183
过瘾,3184
玩大,3185
限时,3186
最右,3187
大王,3188
秋浦,3189
胜境,3190
风景区,3191
坐落,3192
风景秀丽,3193
长江,3194
南岸,3195
位于,3196
安徽省,3197
池州市,3198
贵池区,3199
皖南,3200
国际,3201
旅游区,3202
列为,3203
省级,3204
风景,3205
誉为,3206
一洞,3207
简约,3208
女鞋,3209
音乐盒,3210
乐库,3211
销量,3212
男装,3213
毛衣,3214
套头,3215
韩版,3216
潮流,3217
春装,3218
到新,3219
植物,3220
人二,3221
氧化碳,3222
一本,3223
史记,3224
神话,3225
五千年,3226
励志,3227
教科书,3228
神起,3229
名人,3230
传纪,3231
民间,3232
奇人,3233
典籍,3234
宝典,3235
礼仪,3236
说明书,3237
写真,3238
星新,3239
电子书,3240
商务,3241
休闲裤,3242
长裤,3243
柔情,3244
绣花,3245
女人,3246
味儿,3247
听听,3248
骄傲,3249
体贴,3250
开衫,3251
美腿,3252
印迹,3253
见不得人,3254
皮肤,3255
角质,3256
精华,3257
修护液,3258
敏感,3259
肌肤,3260
痞痞兔耶,3261
周就,3262
感到,3263
效果,3264
腿部,3265
光滑,3266
嫩白,3267
小鹿,3268
哒哒,3269
金融,3270
重奖,3271
悬赏,3272
征集,3273
前往,3274
官微,3275
包等,3276
大图,3277
抢购,3278
胡萝卜,3279
蒜苗,3280
辣椒,3281
洗净,3282
去皮,3283
菱形,3284
中放,3285
适量,3286
煮熟,3287
待用,3288
切成,3289
炒锅,3290
调味,3291
人民币,3292
别想,3293
差事,3294
赚钱,3295
媳妇,3296
美容,3297
大法,3298
蛋清,3299
蛋黄,3300
动作,3301
收敛,3302
温水,3303
润肤,3304
适用,3305
中性,3306
油性,3307
干涩,3308
光泽,3309
细小,3310
皱纹,3311
伏波,3312
将军,3313
马援,3314
名将,3315
马超,3316
祖先,3317
擂鼓,3318
金锤,3319
盛传,3320
时期,3321
赵奢,3322
大败,3323
秦军,3324
惠文王,3325
马服君,3326
改姓,3327
三国演义,3328
诸葛亮,3329
征讨,3330
孟获时,3331
谈到,3332
功劳,3333
卓著,3334
心跳,3335
观潮,3336
靴子,3337
工装,3338
皮靴,3339
牛仔,3340
原宿,3341
会员,3342
勋章,3343
特权,3344
开通,3345
上衣,3346
浏览,3347
慈溪,3348
银泰城,3349
开业,3350
夏款,3351
款式,3352
女装,3353
娃娃,3354
背心,3355
打底,3356
毛呢,3357
事物,3358
粮食,3359
幸福感,3360
天堂,3361
归属感,3362
片刻,3363
海滩,3364
迷离,3365
总价值,3366
全球,3367
热点关注,3368
谢娜俺,3369
张张张,3370
张小杰,3371
价值,3372
高吧,3373
测测,3374
有心,3375
席慕容,3376
春日,3377
阿斯顿,3378
马丁,3379
概念车,3380
整体,3381
协调,3382
轮毂,3383
造型,3384
夸张,3385
侧身,3386
现款,3387
腰线,3388
车窗,3389
激进,3390
搭载,3391
发动机,3392
峰值,3393
输出,3394
超过,3395
神女,3396
结合,3397
卡片,3398
战斗,3399
迷你,3400
隐含,3401
透出,3402
忧郁,3403
捉摸,3404
双眸,3405
女性,3406
称作,3407
电眼,3408
身披,3409
电镀,3410
铠甲,3411
王子,3412
演绎,3413
段怎样,3414
醉人,3415
风情,3416
放手,3417
转身,3418
升起,3419
小红门,3420
阿迪,3421
淘宝,3422
附带,3423
正规,3424
无忧,3425
太平洋,3426
电脑网,3427
帖子,3428
摄影,3429
风采录,3430
袁袁袁,3431
落地,3432
牛逼,3433
悬挂,3434
空中,3435
瀑布,3436
惊人,3437
建筑,3438
巴西,3439
里约热内卢,3440
建成,3441
海面,3442
悬空,3443
路丶,3444
指引,3445
速算,3446
脑袋,3447
讲诉,3448
我的故事,3449
男朋友,3450
结婚,3451
新娘,3452
眼泪,3453
欢欢,3454
深情,3455
鹿鹿,3456
演唱会,3457
女生,3458
伎俩,3459
狗屁,3460
娘炮,3461
占据,3462
舌尖,3463
酥油,3464
蜂蜜,3465
焦糖,3466
水晶球,3467
有着,3468
韩版百,3469
男款,3470
低粉,3471
过筛,3472
皮切小,3473
蛋白,3474
砂糖,3475
白醋,3476
细腻,3477
纹路,3478
发泡,3479
融化,3480
硬性,3481
拌匀,3482
皮丁,3483
面糊,3484
模具,3485
表面,3486
烤箱,3487
中层,3488
梦都,3489
睫毛,3490
纯天然,3491
成分,3492
睫毛膏,3493
天猫,3494
殺手,3495
經典,3496
折扣,3497
小號,3498
預定,3499
禮拜,3500
到貨,3501
适合,3502
双子座,3503
排序,3504
作家,3505
记者,3506
外国语,3507
编剧,3508
推销员,3509
广告,3510
影视,3511
领域,3512
艺术设计,3513
长袖,3514
碎花,3515
蕾丝,3516
日系,3517
走到,3518
责任,3519
轻重,3520
神器,3521
拍摄,3522
强大,3523
本地,3524
登录,3525
盖楼,3526
赵奕然,3527
巴不得,3528
全世界,3529
肥胖,3530
人士,3531
刻苦,3532
训练,3533
苗条,3534
成就感,3535
贵人,3536
导师,3537
加倍,3538
兴化,3539
油菜花,3540
心醉,3541
于它,3542
水景,3543
合得,3544
划桨,3545
乘船,3546
感受,3547
杨柳风,3548
欣赏,3549
碧波,3550
上点,3551
深黄,3552
摇曳,3553
江南,3554
婉约,3555
优美,3556
高空,3557
田地,3558
黄色,3559
小岛,3560
荡漾,3561
水面,3562
甘甘,3563
辣油,3564
毛孔,3565
污垢,3566
残留,3567
毒素,3568
堵塞,3569
发炎,3570
常爆,3571
粉刺,3572
张图,3573
脸部,3574
排毒,3575
电影,3576
美容院,3577
圣品,3578
欧洲,3579
春季,3580
羊皮,3581
高跟鞋,3582
防水,3583
单鞋,3584
搬进,3585
中式,3586
平房,3587
家族,3588
强哥,3589
小脚,3590
公安,3591
高教,3592
预防,3593
群发,3594
事件,3595
预案,3596
突发性,3597
案件,3598
春秋,3599
女士,3600
风衣,3601
外套,3602
因果,3603
团团,3604
围住,3605
开辟,3606
阻击,3607
沸腾,3608
天元,3609
秋水,3610
三子,3611
面容,3612
练至,3613
化境,3614
掌门,3615
夏装,3616
情侣,3617
赛迪,3618
顾问,3619
浪潮,3620
服务器,3621
前三,3622
业界,3623
日晚,3624
电子,3625
产业发展,3626
研究院,3627
对白,3628
伤害,3629
原谅,3630
周杰伦,3631
搁浅,3632
杭州,3633
隧道,3634
高架,3635
机器人,3636
清扫,3637
封道,3638
涂装,3639
大型,3640
工程车,3641
开进,3642
西湖,3643
台工,3644
程车,3645
巨大,3646
塑料,3647
槽罐,3648
清水,3649
车头,3650
肌肉,3651
长臂,3652
巨型,3653
圆柱形,3654
毛刷,3655
品味,3656
牛仔服,3657
夹克衫,3658
全棉,3659
经典,3660
夹克,3661
水洗,3662
黑色系,3663
休闲,3664
舒适,3665
版型,3666
修饰,3667
完美,3668
上半身,3669
所谓,3670
黑暗,3671
像是,3672
西雅图,3673
浓雾,3674
驱散,3675
清洁,3676
次数,3677
早上,3678
化妆,3679
化妆水,3680
保湿,3681
补水,3682
精华液,3683
眼霜,3684
乳液,3685
面霜,3686
涂抹,3687
隔离,3688
紫外线,3689
影响,3690
造成,3691
干燥,3692
老化,3693
波特,3694
狂人,3695
组合,3696
出击,3697
丹尼尔,3698
雷德克里夫,3699
哈姆,3700
剧集,3701
年轻,3702
笔记,3703
将于,3704
回归,3705
热量,3706
劲敌,3707
小肚子,3708
想出,3709
懒人,3710
做法,3711
宅女,3712
健身,3713
节食,3714
方法,3715
刘畅挺,3716
张亮,3717
任何一,3718
风头,3719
盖过,3720
版版,3721
简洁,3722
细节,3723
细致入微,3724
韩范,3725
十足,3726
酸奶,3727
儿科,3728
提醒,3729
乳酸,3730
杆菌,3731
酸性,3732
发育,3733
成熟,3734
黏膜,3735
幼儿,3736
肠道疾病,3737
婴儿,3738
配方,3739
为主,3740
饮用,3741
前提,3742
原味,3743
饮品,3744
坚固,3745
輕松,3746
忘記,3747
傷痛,3748
井然有序,3749
转游,3750
客户,3751
反馈,3752
小手,3753
假货,3754
猖獗,3755
颠覆,3756
万元,3757
天然,3758
活性,3759
酵素,3760
晶体,3761
正牌,3762
冰点,3763
亏本,3764
冲销,3765
恢复,3766
下手,3767
来哈,3768
唯一,3769
指定,3770
网店,3771
足部,3772
件套,3773
老茧,3774
脚丫,3775
脚部,3776
护理,3777
炉子,3778
清净,3779
得劲,3780
腌肉,3781
开车,3782
钉珠,3783
雪纺,3784
牙膏,3785
变型,3786
乡村,3787
向日葵,3788
绿豆,3789
暗沉,3790
粗大,3791
油光,3792
黑头,3793
白白,3794
划算,3795
多一点,3796
忧愁,3797
无可,3798
献给,3799
残酷,3800
功能,3801
企业,3802
大类,3803
业务,3804
包括,3805
技术类,3806
做成,3807
培训中心,3808
商学院,3809
设置,3810
懒散,3811
模拟,3812
英语,3813
睡着,3814
精神,3815
面试,3816
大伯,3817
起伏,3818
审问,3819
犯人,3820
思维,3821
外国人,3822
之间,3823
直线,3824
第四,3825
有知,3826
停止,3827
人才,3828
加快,3829
第五,3830
缺陷,3831
恩惠,3832
波西,3833
米亚,3834
生存,3835
手册,3836
孤独,3837
星球,3838
糟糕,3839
巴黎,3840
三毛,3841
全集,3842
间隔,3843
背包,3844
十年,3845
人心,3846
追寻,3847
上路,3848
早餐,3849
好吃,3850
蟹肉,3851
沙拉,3852
流汗,3853
耳环,3854
更深,3855
卢娜,3856
做事,3857
心脏,3858
墨黑,3859
法子,3860
管用,3861
婚礼,3862
假面,3863
结局,3864
智商,3865
连自己,3866
不清,3867
转载,3868
甘谷,3869
汉简,3870
新纪元,3871
镯子,3872
白金,3873
怪物,3874
比一比,3875
兑换,3876
钻石,3877
婚纱,3878
退货,3879
出彩,3880
中国人,3881
天命,3882
之年,3883
于中阮,3884
男人,3885
浮躁,3886
社会,3887
乐器,3888
敬佩,3889
传统文化,3890
传承,3891
条纹,3892
短袖,3893
透气,3894
性能,3895
面料,3896
柔软,3897
质地,3898
一杯,3899
折磨,3900
杀伤力,3901
动摇,3902
军心,3903
耐不住,3904
演变,3905
办公室,3906
暴力,3907
冷淡,3908
无能,3909
自卑,3910
禁锢,3911
发展,3912
妒忌,3913
盲目,3914
攀比,3915
拖沓,3916
之风,3917
懒惰,3918
人际,3919
多疑,3920
竞争力,3921
创新力,3922
麻木,3923
真皮,3924
皮鞋,3925
男鞋,3926
马丁鞋,3927
来去,3928
水月,3929
有缘,3930
有情,3931
相识,3932
相遇,3933
新奇,3934
剧作,3935
剧终,3936
电影版,3937
波折,3938
成型,3939
近日,3940
作品,3941
正轨,3942
洽谈,3943
签约,3944
有望,3945
开拍,3946
庄重,3947
动人,3948
平庸,3949
可人,3950
处在,3951
归于,3952
平常,3953
上架,3954
流泪,3955
前进,3956
倒退,3957
失意,3958
只用,3959
包一个,3960
疗程,3961
无效,3962
退款,3963
认准,3964
惬意,3965
斗篷,3966
兰博基尼,3967
套装,3968
卫衣,3969
自杀,3970
任何别,3971
忠诚,3972
遭遇,3973
人和,3974
产生,3975
悲欢,3976
转让,3977
亲近,3978
财富,3979
纯正,3980
喜庆,3981
款式新颖,3982
穿着,3983
体形,3984
凹凸,3985
有致,3986
凸显,3987
欧美,3988
女包,3989
空之,3990
轨迹,3991
美图,3992
哈伦,3993
西裤,3994
西装,3995
韩国,3996
代购,3997
欧根,3998
韩版显,3999
子女,4000
再青春,4001
回电,4002
注重,4003
舒适度,4004
美梦,4005
成真,4006
佳能,4007
身旁,4008
犹如,4009
古驰,4010
牛皮,4011
等级,4012
原版,4013
扣头,4014
正面,4015
宽度,4016
长度,4017
包装,4018
挎包,4019
聚一,4020
放开,4021
心怀,4022
相视,4023
静静,4024
回味,4025
绘图,4026
尘封,4027
不羁,4028
墨镜,4029
小一,4030
贫血,4031
前兆,4032
蓝色,4033
外国,4034
缺铁性,4035
早期,4036
信号,4037
可在,4038
药物,4039
富含,4040
铁质,4041
食物,4042
精肉,4043
蛋类,4044
动物,4045
海产,4046
豆制品,4047
任务,4048
海选,4049
心仪,4050
有明星,4051
神秘,4052
行至,4053
簇桥,4054
大雨,4055
全身,4056
淋湿,4057
狼狈,4058
送出去,4059
平腹,4060
劳动,4061
著名,4062
学者,4063
伟大,4064
智者,4065
卓越,4066
诗人,4067
原创,4068
印花,4069
连体,4070
车网,4071
沿途,4072
行车,4073
记录仪,4074
车子,4075
缓慢,4076
产业链,4077
彭博社,4078
销售额,4079
供应商,4080
引发,4081
供应,4082
商因,4083
受益,4084
良多,4085
音频,4086
芯片,4087
制造商,4088
库存,4089
过剩,4090
市场,4091
下滑,4092
担忧,4093
勇敢,4094
核心,4095
单词,4096
高大,4097
威猛,4098
英俊,4099
男性,4100
达到,4101
母语,4102
想好,4103
认证,4104
丁嘉丽,4105
采访,4106
净空,4107
法师,4108
空老,4109
百度贴吧,4110
潮流时尚,4111
首发,4112
精品,4113
宽带,4114
人工,4115
四川,4116
电信,4117
可以通过,4118
障碍,4119
申告,4120
查询,4121
故障,4122
进度,4123
登陆,4124
访问,4125
小西,4126
韩版便,4127
西潮,4128
西服,4129
中山装,4130
易经,4131
感悟,4132
懂得,4133
顺从,4134
降下,4135
灾难,4136
悲观,4137
过多,4138
苦恼,4139
有用,4140
平常心,4141
顺应,4142
理智,4143
去处,4144
荆棘,4145
杂草,4146
更快,4147
高腰,4148
花苞,4149
短裙,4150
请假,4151
逛街,4152
本该,4153
做梦,4154
火车站,4155
连手,4156
交代,4157
途中,4158
关心,4159
骨头,4160
表达,4161
荷兰人,4162
米吉尔,4163
马雷斯,4164
威尔,4165
科普,4166
罗格,4167
最长,4168
自行车,4169
轮子,4170
稳定,4171
装置,4172
在后,4173
脚踏板,4174
时尚秀,4175
选秀,4176
比赛,4177
免费下载,4178
放空,4179
在乎,4180
遗忘,4181
惋惜,4182
心有不甘,4183
魔术师,4184
交叉,4185
简直,4186
炙热,4187
一家人,4188
健健康康,4189
幸幸,4190
福福,4191
乳胶,4192
枕头,4193
床墊,4194
具有,4195
透气性,4196
吸湿性,4197
独特,4198
触觉,4199
弹性,4200
轮廓,4201
依托,4202
人体,4203
脊椎,4204
最佳,4205
负担,4206
传统型,4207
形状,4208
使用者,4209
符合,4210
长久,4211
睡眠,4212
糖果,4213
铅笔,4214
摆脱,4215
圆领,4216
白色,4217
莱卡,4218
T恤,4219
岱庙,4220
之行,4221
银杏树,4222
繁茂,4223
枝干,4224
粗壮,4225
年的历史,4226
练就,4227
魁梧,4228
身躯,4229
钦佩,4230
包臀,4231
强化,4232
普通,4233
减少,4234
稳住,4235
信用,4236
语音,4237
信息化,4238
投资,4239
可达,4240
加强,4241
个性化,4242
周要买,4243
城堡,4244
旋律,4245
歌词,4246
模糊,4247
明朝,4248
文天祥,4249
斩首,4250
方向,4251
才分,4252
机车,4253
皮衣,4254
有味,4255
形象,4256
显得,4257
活力,4258
中老年人,4259
保暖,4260
加厚,4261
衬衣,4262
绵阳,4263
交通,4264
恼火,4265
堵车,4266
小巷子,4267
小路,4268
进口,4269
臃肿,4270
路太赞,4271
掩面,4272
美食,4273
公主,4274
中将,4275
张飞,4276
